run_id,iteration,timestamp,objective_total,backend,progress_schema_version,objective_terms.infidelity,objective_terms.leakage,objective_terms.time_reg,objective_terms.grid_penalty,objective_terms.constraint_penalty,metrics.fidelity_subspace,metrics.leakage_avg,metrics.leakage_worst,best_so_far.objective_total,best_so_far.iteration,params_summary.max_amp,params_summary.max_detuning,params_summary.times.QubitRotation,params_summary.times.SQR,params_summary.times.Displacement
run_000,0,1772857368.015689,0.603549083991763,ideal,1,0.603549083991763,0.0,0.0,0.0,0.0,0.39645091600823706,0.0,0.0,0.603549083991763,0,0.3,0.0,1.01e-06,1.01e-06,1.01e-06
run_000,1,1772857369.275497,0.3683842088803425,ideal,1,0.3683842088803416,8.881784197001252e-16,0.0,0.0,0.0,0.6316157911196584,4.996003610813204e-16,8.881784197001252e-16,0.3683842088803425,1,1.300999316224523,0.0,1.01e-06,1.01e-06,1.01e-06
run_000,2,1772857370.4988918,0.3465580276513567,ideal,1,0.34655802765135624,4.440892098500626e-16,0.0,0.0,0.0,0.6534419723486438,1.1102230246251565e-16,4.440892098500626e-16,0.3465580276513567,2,1.0269541918004776,0.0,1.01e-06,1.01e-06,1.01e-06
run_000,3,1772857371.671832,0.3365452345551627,ideal,1,0.33654523455516216,5.551115123125783e-16,0.0,0.0,0.0,0.6634547654448378,2.590520390792032e-16,5.551115123125783e-16,0.3365452345551627,3,0.8458676897566718,0.0,1.01e-06,1.01e-06,1.01e-06
run_000,4,1772857372.9302633,0.3343587321240701,ideal,1,0.3343587321240701,0.0,0.0,0.0,0.0,0.6656412678759299,0.0,0.0,0.3343587321240701,4,0.7790368749154764,0.0,1.01e-06,1.01e-06,1.01e-06
run_000,5,1772857374.2013102,0.33071347985086064,ideal,1,0.3307134798508605,1.1102230246251565e-16,0.0,0.0,0.0,0.6692865201491395,3.700743415417188e-17,1.1102230246251565e-16,0.33071347985086064,5,0.6802726612265696,0.0,1.01e-06,1.01e-06,1.01e-06
run_000,6,1772857375.3874223,0.2752435420028244,ideal,1,0.2752435420028233,1.1102230246251565e-15,0.0,0.0,0.0,0.7247564579971767,4.255854927729767e-16,1.1102230246251565e-15,0.2752435420028244,6,1.4370058557303678,0.0,1.01e-06,1.01e-06,1.01e-06
run_000,7,1772857376.5822196,0.2470115401537517,ideal,1,0.24701154015375149,2.220446049250313e-16,0.0,0.0,0.0,0.7529884598462485,3.700743415417188e-17,2.220446049250313e-16,0.2470115401537517,7,1.6730114378888548,0.0,1.01e-06,1.01e-06,1.01e-06
run_000,8,1772857377.762101,0.22839962299754302,ideal,1,0.2283996229975428,2.220446049250313e-16,0.0,0.0,0.0,0.7716003770024572,3.700743415417188e-17,2.220446049250313e-16,0.22839962299754302,8,1.8235780202058833,0.0,1.01e-06,1.01e-06,1.01e-06
run_000,9,1772857378.9443674,0.21175321976034678,ideal,1,0.21175321976034578,9.992007221626409e-16,0.0,0.0,0.0,0.7882467802396542,3.885780586188048e-16,9.992007221626409e-16,0.21175321976034678,9,1.8681776983261051,0.0,1.01e-06,1.01e-06,1.01e-06
run_000,10,1772857380.1635244,0.16407124779788096,ideal,1,0.1640712477978803,6.661338147750939e-16,0.0,0.0,0.0,0.8359287522021197,1.6653345369377348e-16,6.661338147750939e-16,0.16407124779788096,10,2.2437830353149333,0.0,1.01e-06,1.01e-06,1.01e-06
run_000,11,1772857381.4414718,0.12931832904383078,ideal,1,0.12931832904383,7.771561172376096e-16,0.0,0.0,0.0,0.87068167095617,2.4054832200211723e-16,7.771561172376096e-16,0.12931832904383078,11,2.339350730936842,0.0,1.01e-06,1.01e-06,1.01e-06
run_000,12,1772857382.6656208,0.11169922387957854,ideal,1,0.11169922387957854,0.0,0.0,0.0,0.0,0.8883007761204215,0.0,0.0,0.11169922387957854,12,2.3841437348965533,0.0,1.01e-06,1.01e-06,1.01e-06
run_000,13,1772857383.9818356,0.10162643717358755,ideal,1,0.10162643717358699,5.551115123125783e-16,0.0,0.0,0.0,0.898373562826413,1.6653345369377348e-16,5.551115123125783e-16,0.10162643717358755,13,2.409103955724009,0.0,1.01e-06,1.01e-06,1.01e-06
run_000,14,1772857385.2541394,0.08671989464552032,ideal,1,0.08671989464552032,0.0,0.0,0.0,0.0,0.9132801053544797,0.0,0.0,0.08671989464552032,14,2.5811759042929765,0.0,1.01e-06,1.01e-06,1.01e-06
run_000,15,1772857386.4768832,0.07990103828799777,ideal,1,0.07990103828799755,2.220446049250313e-16,0.0,0.0,0.0,0.9200989617120024,1.295260195396016e-16,2.220446049250313e-16,0.07990103828799777,15,2.669199573030895,0.0,1.01e-06,1.01e-06,1.01e-06
run_000,16,1772857387.6804216,0.07408838745897406,ideal,1,0.07408838745897339,6.661338147750939e-16,0.0,0.0,0.0,0.9259116125410266,3.515706244646329e-16,6.661338147750939e-16,0.07408838745897406,16,2.7150052755710004,0.0,1.01e-06,1.01e-06,1.01e-06
run_000,17,1772857389.0566218,0.05876827343867208,ideal,1,0.058768273438671415,6.661338147750939e-16,0.0,0.0,0.0,0.9412317265613286,2.0354088784794536e-16,6.661338147750939e-16,0.05876827343867208,17,2.885412421141774,0.0,1.01e-06,1.01e-06,1.01e-06
run_000,18,1772857390.3467646,0.05458968903372541,ideal,1,0.05458968903372474,6.661338147750939e-16,0.0,0.0,0.0,0.9454103109662753,3.1456319031046104e-16,6.661338147750939e-16,0.05458968903372541,18,2.9617220684096837,0.0,1.01e-06,1.01e-06,1.01e-06
run_000,19,1772857391.7812734,0.04693863566864942,ideal,1,0.04693863566864909,3.3306690738754696e-16,0.0,0.0,0.0,0.9530613643313509,1.4802973661668753e-16,3.3306690738754696e-16,0.04693863566864942,19,3.2837604806876346,0.0,1.01e-06,1.01e-06,1.01e-06
run_000,20,1772857393.1115725,0.044846775820630125,ideal,1,0.04484677582062968,4.440892098500626e-16,0.0,0.0,0.0,0.9551532241793703,1.4802973661668753e-16,4.440892098500626e-16,0.044846775820630125,20,3.4053007864434988,0.0,1.01e-06,1.01e-06,1.01e-06
run_000,21,1772857394.3390884,0.040352245873995884,ideal,1,0.04035224587399566,2.220446049250313e-16,0.0,0.0,0.0,0.9596477541260043,7.401486830834377e-17,2.220446049250313e-16,0.040352245873995884,21,3.8059342661163638,0.0,1.01e-06,1.01e-06,1.01e-06
run_000,22,1772857395.5697868,0.0394763054528936,ideal,1,0.039476305452892935,6.661338147750939e-16,0.0,0.0,0.0,0.9605236945471071,3.7007434154171886e-16,6.661338147750939e-16,0.0394763054528936,22,3.8756999818928315,0.0,1.01e-06,1.01e-06,1.01e-06
run_000,23,1772857396.9416192,0.037490334771690836,ideal,1,0.037490334771690836,0.0,0.0,0.0,0.0,0.9625096652283092,0.0,0.0,0.037490334771690836,23,4.13767781023155,0.0,1.01e-06,1.01e-06,1.01e-06
run_000,24,1772857398.1742957,0.036593567645052505,ideal,1,0.03659356764505173,7.771561172376096e-16,0.0,0.0,0.0,0.9634064323549483,2.220446049250313e-16,7.771561172376096e-16,0.036593567645052505,24,4.172125515024892,0.0,1.01e-06,1.01e-06,1.01e-06
run_000,25,1772857399.3702502,0.03595995341706304,ideal,1,0.03595995341706226,7.771561172376096e-16,0.0,0.0,0.0,0.9640400465829377,4.070817756958907e-16,7.771561172376096e-16,0.03595995341706304,25,4.185845537319972,0.0,1.01e-06,1.01e-06,1.01e-06
run_000,26,1772857400.686974,0.031499555684982083,ideal,1,0.031499555684982083,0.0,0.0,0.0,0.0,0.9685004443150179,0.0,0.0,0.031499555684982083,26,4.309868485426479,0.0,1.01e-06,1.01e-06,1.01e-06
run_000,27,1772857401.9059172,0.02984699550358083,ideal,1,0.029846995503580498,3.3306690738754696e-16,0.0,0.0,0.0,0.9701530044964195,1.295260195396016e-16,3.3306690738754696e-16,0.02984699550358083,27,4.346618586084343,0.0,1.01e-06,1.01e-06,1.01e-06
run_000,28,1772857403.1641436,0.025258489335131196,ideal,1,0.025258489335130307,8.881784197001252e-16,0.0,0.0,0.0,0.9747415106648697,2.9605947323337506e-16,8.881784197001252e-16,0.025258489335131196,28,4.469908422686273,0.0,1.01e-06,1.01e-06,1.01e-06
run_000,29,1772857404.4127662,0.023761516087875134,ideal,1,0.023761516087875134,0.0,0.0,0.0,0.0,0.9762384839121249,0.0,0.0,0.023761516087875134,29,4.52138842583028,0.0,1.01e-06,1.01e-06,1.01e-06
run_000,30,1772857405.8111928,0.018706578656304762,ideal,1,0.01870657865630454,2.220446049250313e-16,0.0,0.0,0.0,0.9812934213436955,9.251858538542972e-17,2.220446049250313e-16,0.018706578656304762,30,4.792154505896192,0.0,1.01e-06,1.01e-06,1.01e-06
run_000,31,1772857407.0670435,0.017231645328967926,ideal,1,0.017231645328967704,2.220446049250313e-16,0.0,0.0,0.0,0.9827683546710323,1.295260195396016e-16,2.220446049250313e-16,0.017231645328967926,31,4.854440367613583,0.0,1.01e-06,1.01e-06,1.01e-06
run_000,32,1772857408.3896625,0.016111109811630442,ideal,1,0.01611110981163011,3.3306690738754696e-16,0.0,0.0,0.0,0.9838888901883699,1.1102230246251565e-16,3.3306690738754696e-16,0.016111109811630442,32,4.895686477751521,0.0,1.01e-06,1.01e-06,1.01e-06
run_000,33,1772857409.6913576,0.01289843638699184,ideal,1,0.012898436386991285,5.551115123125783e-16,0.0,0.0,0.0,0.9871015636130087,1.4802973661668753e-16,5.551115123125783e-16,0.01289843638699184,33,5.039228090682901,0.0,1.01e-06,1.01e-06,1.01e-06
run_000,34,1772857410.9008737,0.012195756428057813,ideal,1,0.012195756428057813,0.0,0.0,0.0,0.0,0.9878042435719422,0.0,0.0,0.012195756428057813,34,5.0219523200876175,0.0,1.01e-06,1.01e-06,1.01e-06
run_000,35,1772857412.4495692,0.00992428884141583,ideal,1,0.009924288841415607,2.220446049250313e-16,0.0,0.0,0.0,0.9900757111585844,9.251858538542972e-17,2.220446049250313e-16,0.00992428884141583,35,4.905026445455299,0.0,1.01e-06,1.01e-06,1.01e-06
run_000,36,1772857413.7797587,0.009412403080013121,ideal,1,0.009412403080013121,0.0,0.0,0.0,0.0,0.9905875969199869,0.0,0.0,0.009412403080013121,36,4.890052239645171,0.0,1.01e-06,1.01e-06,1.01e-06
run_000,37,1772857415.0732872,0.008016486290295943,ideal,1,0.008016486290295943,0.0,0.0,0.0,0.0,0.9919835137097041,0.0,0.0,0.008016486290295943,37,4.795537026473564,0.0,1.01e-06,1.01e-06,1.01e-06
run_000,38,1772857416.3031967,0.007784906729647378,ideal,1,0.007784906729646601,7.771561172376096e-16,0.0,0.0,0.0,0.9922150932703534,3.515706244646329e-16,7.771561172376096e-16,0.007784906729647378,38,4.795068336757929,0.0,1.01e-06,1.01e-06,1.01e-06
run_000,39,1772857417.6452217,0.006434477799612481,ideal,1,0.006434477799612037,4.440892098500626e-16,0.0,0.0,0.0,0.993565522200388,2.0354088784794536e-16,4.440892098500626e-16,0.006434477799612481,39,4.802532804915415,0.0,1.01e-06,1.01e-06,1.01e-06
run_000,40,1772857418.874881,0.006186245199069629,ideal,1,0.006186245199069629,0.0,0.0,0.0,0.0,0.9938137548009304,0.0,0.0,0.006186245199069629,40,4.808661001600223,0.0,1.01e-06,1.01e-06,1.01e-06
run_000,41,1772857420.2099621,0.0055043950876740855,ideal,1,0.00550439508767353,5.551115123125783e-16,0.0,0.0,0.0,0.9944956049123265,1.6653345369377348e-16,5.551115123125783e-16,0.0055043950876740855,41,4.791976180350895,0.0,1.01e-06,1.01e-06,1.01e-06
run_000,42,1772857421.5603638,0.005257705186009987,ideal,1,0.005257705186009876,1.1102230246251565e-16,0.0,0.0,0.0,0.9947422948139901,1.850371707708594e-17,1.1102230246251565e-16,0.005257705186009987,42,4.775085290887422,0.0,1.01e-06,1.01e-06,1.01e-06
run_000,43,1772857422.964347,0.004205438880234391,ideal,1,0.004205438880234058,3.3306690738754696e-16,0.0,0.0,0.0,0.9957945611197659,1.295260195396016e-16,3.3306690738754696e-16,0.004205438880234391,43,4.869572747112488,0.0,1.01e-06,1.01e-06,1.01e-06
run_000,44,1772857424.2244055,0.004028250637310271,ideal,1,0.004028250637309938,3.3306690738754696e-16,0.0,0.0,0.0,0.9959717493626901,9.251858538542972e-17,3.3306690738754696e-16,0.004028250637310271,44,4.895088418700677,0.0,1.01e-06,1.01e-06,1.01e-06
run_000,45,1772857425.4828024,0.003750022181987056,ideal,1,0.003750022181986057,9.992007221626409e-16,0.0,0.0,0.0,0.9962499778180139,3.1456319031046104e-16,9.992007221626409e-16,0.003750022181987056,45,4.958556259509452,0.0,1.01e-06,1.01e-06,1.01e-06
run_000,46,1772857426.7932017,0.0036954338587448232,ideal,1,0.00369543385874449,3.3306690738754696e-16,0.0,0.0,0.0,0.9963045661412555,1.295260195396016e-16,3.3306690738754696e-16,0.0036954338587448232,46,4.958832721340914,0.0,1.01e-06,1.01e-06,1.01e-06
run_000,47,1772857428.82684,0.0035092786242438834,ideal,1,0.0035092786242438834,0.0,0.0,0.0,0.0,0.9964907213757561,0.0,0.0,0.0035092786242438834,47,4.956462286448861,0.0,1.01e-06,1.01e-06,1.01e-06
run_000,48,1772857431.3787854,0.003453102800694441,ideal,1,0.0034531028006933306,1.1102230246251565e-15,0.0,0.0,0.0,0.9965468971993067,5.736152293896642e-16,1.1102230246251565e-15,0.003453102800694441,48,4.95452072088652,0.0,1.01e-06,1.01e-06,1.01e-06
run_000,49,1772857432.7595892,0.0032220644541346433,ideal,1,0.003222064454133977,6.661338147750939e-16,0.0,0.0,0.0,0.996777935545866,1.6653345369377348e-16,6.661338147750939e-16,0.0032220644541346433,49,4.9411561615311745,0.0,1.01e-06,1.01e-06,1.01e-06
run_000,50,1772857434.0635724,0.003179953736492158,ideal,1,0.003179953736491825,3.3306690738754696e-16,0.0,0.0,0.0,0.9968200462635082,1.1102230246251565e-16,3.3306690738754696e-16,0.003179953736492158,50,4.944528248373044,0.0,1.01e-06,1.01e-06,1.01e-06
run_000,51,1772857435.347371,0.003040795386279327,ideal,1,0.0030407953862784387,8.881784197001252e-16,0.0,0.0,0.0,0.9969592046137216,2.4054832200211723e-16,8.881784197001252e-16,0.003040795386279327,51,4.975688540729441,0.0,1.01e-06,1.01e-06,1.01e-06
run_000,52,1772857436.6172953,0.0030034702154106974,ideal,1,0.0030034702154101423,5.551115123125783e-16,0.0,0.0,0.0,0.9969965297845899,2.590520390792032e-16,5.551115123125783e-16,0.0030034702154106974,52,4.986783865826675,0.0,1.01e-06,1.01e-06,1.01e-06
run_000,53,1772857437.9159255,0.0027677355590254304,ideal,1,0.0027677355590252084,2.220446049250313e-16,0.0,0.0,0.0,0.9972322644409748,5.551115123125783e-17,2.220446049250313e-16,0.0027677355590254304,53,5.101152588209486,0.0,1.01e-06,1.01e-06,1.01e-06
run_000,54,1772857439.2921495,0.002701366700675778,ideal,1,0.002701366700675112,6.661338147750939e-16,0.0,0.0,0.0,0.9972986332993249,3.1456319031046104e-16,6.661338147750939e-16,0.002701366700675778,54,5.1180870317723794,0.0,1.01e-06,1.01e-06,1.01e-06
run_000,55,1772857440.6539404,0.002175097213600763,ideal,1,0.0021750972135995417,1.2212453270876722e-15,0.0,0.0,0.0,0.9978249027864005,9.62193288008469e-16,1.2212453270876722e-15,0.002175097213600763,55,5.269213986192914,0.0,1.01e-06,1.01e-06,1.01e-06
run_000,56,1772857441.9685483,0.0019854579363728364,ideal,1,0.0019854579363719482,8.881784197001252e-16,0.0,0.0,0.0,0.998014542063628,3.515706244646329e-16,8.881784197001252e-16,0.0019854579363728364,56,5.294934432622297,0.0,1.01e-06,1.01e-06,1.01e-06
run_000,57,1772857443.3415482,0.0012342356920860276,ideal,1,0.0012342356920852504,7.771561172376096e-16,0.0,0.0,0.0,0.9987657643079147,1.8503717077085943e-16,7.771561172376096e-16,0.0012342356920860276,57,5.426533942032252,0.0,1.01e-06,1.01e-06,1.01e-06
run_000,58,1772857444.585048,0.0010861699730063679,ideal,1,0.0010861699730057017,6.661338147750939e-16,0.0,0.0,0.0,0.9989138300269943,2.0354088784794536e-16,6.661338147750939e-16,0.0010861699730063679,58,5.443678762450051,0.0,1.01e-06,1.01e-06,1.01e-06
run_000,59,1772857445.8336957,0.0006907949384215017,ideal,1,0.0006907949384212797,2.220446049250313e-16,0.0,0.0,0.0,0.9993092050615787,5.551115123125783e-17,2.220446049250313e-16,0.0006907949384215017,59,5.5306589212021855,0.0,1.01e-06,1.01e-06,1.01e-06
run_000,60,1772857447.0416803,0.0006292896187025665,ideal,1,0.0006292896187019004,6.661338147750939e-16,0.0,0.0,0.0,0.9993707103812981,2.590520390792032e-16,6.661338147750939e-16,0.0006292896187025665,60,5.546981583908983,0.0,1.01e-06,1.01e-06,1.01e-06
run_000,61,1772857448.327729,0.0004182164760933027,ideal,1,0.0004182164760933027,0.0,0.0,0.0,0.0,0.9995817835239067,0.0,0.0,0.0004182164760933027,61,5.648272009702657,0.0,1.01e-06,1.01e-06,1.01e-06
run_000,62,1772857449.5826254,0.0003810658727899652,ideal,1,0.0003810658727895211,4.440892098500626e-16,0.0,0.0,0.0,0.9996189341272105,1.4802973661668753e-16,4.440892098500626e-16,0.0003810658727899652,62,5.662262785333769,0.0,1.01e-06,1.01e-06,1.01e-06
run_000,63,1772857450.8649142,0.00015698744879788507,ideal,1,0.00015698744879744098,4.440892098500626e-16,0.0,0.0,0.0,0.9998430125512026,1.4802973661668753e-16,4.440892098500626e-16,0.00015698744879788507,63,5.802651077375049,0.0,1.01e-06,1.01e-06,1.01e-06
run_000,64,1772857452.1166477,0.00012806679228549722,ideal,1,0.00012806679228549722,0.0,0.0,0.0,0.0,0.9998719332077145,0.0,0.0,0.00012806679228549722,64,5.818199671081567,0.0,1.01e-06,1.01e-06,1.01e-06
run_000,65,1772857453.526237,4.630866750843232e-05,ideal,1,4.6308667508099255e-05,3.3306690738754696e-16,0.0,0.0,0.0,0.9999536913324919,7.401486830834377e-17,3.3306690738754696e-16,4.630866750843232e-05,65,5.903149533448276,0.0,1.01e-06,1.01e-06,1.01e-06
run_000,66,1772857454.7250826,3.6402170671134826e-05,ideal,1,3.6402170671134826e-05,0.0,0.0,0.0,0.0,0.9999635978293289,0.0,0.0,3.6402170671134826e-05,66,5.915020880202663,0.0,1.01e-06,1.01e-06,1.01e-06
run_000,67,1772857455.9984245,2.0144139758593305e-05,ideal,1,2.0144139758593305e-05,0.0,0.0,0.0,0.0,0.9999798558602414,0.0,0.0,2.0144139758593305e-05,67,5.95855257180929,0.0,1.01e-06,1.01e-06,1.01e-06
run_000,68,1772857457.1941814,1.763434835810873e-05,ideal,1,1.763434835755362e-05,5.551115123125783e-16,0.0,0.0,0.0,0.9999823656516424,9.251858538542972e-17,5.551115123125783e-16,1.763434835810873e-05,68,5.966357237467143,0.0,1.01e-06,1.01e-06,1.01e-06
run_000,69,1772857458.4317386,1.2090345735460417e-05,ideal,1,1.2090345734905306e-05,5.551115123125783e-16,0.0,0.0,0.0,0.9999879096542651,2.590520390792032e-16,5.551115123125783e-16,1.2090345735460417e-05,69,5.997258784857766,0.0,1.01e-06,1.01e-06,1.01e-06
run_000,70,1772857459.6471813,1.1282649380772725e-05,ideal,1,1.1282649380439658e-05,3.3306690738754696e-16,0.0,0.0,0.0,0.9999887173506196,9.251858538542972e-17,3.3306690738754696e-16,1.1282649380772725e-05,70,6.0006635292931465,0.0,1.01e-06,1.01e-06,1.01e-06
run_000,71,1772857460.9658391,8.807070855487709e-06,ideal,1,8.807070854821575e-06,6.661338147750939e-16,0.0,0.0,0.0,0.9999911929291452,1.4802973661668753e-16,6.661338147750939e-16,8.807070855487709e-06,71,6.0205249612474105,0.0,1.01e-06,1.01e-06,1.01e-06
run_000,72,1772857462.2114997,8.295923243584191e-06,ideal,1,8.295923243140102e-06,4.440892098500626e-16,0.0,0.0,0.0,0.9999917040767569,3.515706244646329e-16,4.440892098500626e-16,8.295923243584191e-06,72,6.023647109050351,0.0,1.01e-06,1.01e-06,1.01e-06
run_000,73,1772857463.513383,6.887699300905936e-06,ideal,1,6.887699300794914e-06,1.1102230246251565e-16,0.0,0.0,0.0,0.9999931123006992,3.700743415417188e-17,1.1102230246251565e-16,6.887699300905936e-06,73,6.041161885702951,0.0,1.01e-06,1.01e-06,1.01e-06
run_000,74,1772857464.821705,6.66034471996646e-06,ideal,1,6.660344719855438e-06,1.1102230246251565e-16,0.0,0.0,0.0,0.9999933396552801,1.850371707708594e-17,1.1102230246251565e-16,6.66034471996646e-06,74,6.043386555357543,0.0,1.01e-06,1.01e-06,1.01e-06
run_000,75,1772857466.139917,5.7780908210292026e-06,ideal,1,5.778090820585113e-06,4.440892098500626e-16,0.0,0.0,0.0,0.9999942219091794,1.6653345369377348e-16,4.440892098500626e-16,5.7780908210292026e-06,75,6.056297119409814,0.0,1.01e-06,1.01e-06,1.01e-06
run_000,76,1772857467.5590887,5.558223762358594e-06,ideal,1,5.5582237618034824e-06,5.551115123125783e-16,0.0,0.0,0.0,0.9999944417762382,1.6653345369377348e-16,5.551115123125783e-16,5.558223762358594e-06,76,6.057756182854342,0.0,1.01e-06,1.01e-06,1.01e-06
run_000,77,1772857469.112888,5.0809471114909854e-06,ideal,1,5.080947110491785e-06,9.992007221626409e-16,0.0,0.0,0.0,0.9999949190528895,3.7007434154171886e-16,9.992007221626409e-16,5.0809471114909854e-06,77,6.062146059443226,0.0,1.01e-06,1.01e-06,1.01e-06
run_000,78,1772857470.9873173,5.003082598875608e-06,ideal,1,5.003082598320496e-06,5.551115123125783e-16,0.0,0.0,0.0,0.9999949969174017,2.4054832200211723e-16,5.551115123125783e-16,5.003082598875608e-06,78,6.062609135107252,0.0,1.01e-06,1.01e-06,1.01e-06
run_000,79,1772857472.640004,4.704298575020083e-06,ideal,1,4.704298574687016e-06,3.3306690738754696e-16,0.0,0.0,0.0,0.9999952957014253,7.401486830834377e-17,3.3306690738754696e-16,4.704298575020083e-06,79,6.065181885505232,0.0,1.01e-06,1.01e-06,1.01e-06
run_000,80,1772857474.158834,4.6026243256669375e-06,ideal,1,4.602624325555915e-06,1.1102230246251565e-16,0.0,0.0,0.0,0.9999953973756744,1.850371707708594e-17,1.1102230246251565e-16,4.6026243256669375e-06,80,6.06565825947919,0.0,1.01e-06,1.01e-06,1.01e-06
run_001,0,1772857474.4876165,0.8109590565057491,ideal,1,0.8109590565057486,4.440892098500626e-16,0.0,0.0,0.0,0.18904094349425135,9.251858538542972e-17,4.440892098500626e-16,0.8109590565057491,0,0.5641747788856679,0.0,1.01e-06,1.01e-06,1.01e-06
run_001,1,1772857475.7418187,0.30703523271616096,ideal,1,0.30703523271616096,0.0,0.0,0.0,0.0,0.692964767283839,0.0,0.0,0.30703523271616096,1,1.645917818871442,0.0,1.01e-06,1.01e-06,1.01e-06
run_001,2,1772857476.9576232,0.27082260924527324,ideal,1,0.2708226092452729,3.3306690738754696e-16,0.0,0.0,0.0,0.7291773907547271,1.1102230246251565e-16,3.3306690738754696e-16,0.27082260924527324,2,1.578354332819602,0.0,1.01e-06,1.01e-06,1.01e-06
run_001,3,1772857478.3018188,0.23214941625221464,ideal,1,0.23214941625221375,8.881784197001252e-16,0.0,0.0,0.0,0.7678505837477863,2.9605947323337506e-16,8.881784197001252e-16,0.23214941625221464,3,1.679083474645916,0.0,1.01e-06,1.01e-06,1.01e-06
run_001,4,1772857479.6059217,0.14795559547959414,ideal,1,0.1479555954795938,3.3306690738754696e-16,0.0,0.0,0.0,0.8520444045204062,9.251858538542972e-17,3.3306690738754696e-16,0.14795559547959414,4,1.9833827412117402,0.0,1.01e-06,1.01e-06,1.01e-06
run_001,5,1772857480.741774,0.10934699652164526,ideal,1,0.10934699652164459,6.661338147750939e-16,0.0,0.0,0.0,0.8906530034783554,3.3306690738754696e-16,6.661338147750939e-16,0.10934699652164526,5,1.9905686405510283,0.0,1.01e-06,1.01e-06,1.01e-06
run_001,6,1772857481.9348557,0.08454624176492997,ideal,1,0.08454624176492997,0.0,0.0,0.0,0.0,0.91545375823507,0.0,0.0,0.08454624176492997,6,2.053446549814834,0.0,1.01e-06,1.01e-06,1.01e-06
run_001,7,1772857483.1279175,0.069839025316767,ideal,1,0.06983902531676678,2.220446049250313e-16,0.0,0.0,0.0,0.9301609746832332,3.700743415417188e-17,2.220446049250313e-16,0.069839025316767,7,2.129000253051978,0.0,1.01e-06,1.01e-06,1.01e-06
run_001,8,1772857484.3258474,0.06050939807354261,ideal,1,0.060509398073542275,3.3306690738754696e-16,0.0,0.0,0.0,0.9394906019264577,5.551115123125783e-17,3.3306690738754696e-16,0.06050939807354261,8,2.2900047793908493,0.0,1.01e-06,1.01e-06,1.01e-06
run_001,9,1772857485.5861342,0.04833550022239874,ideal,1,0.04833550022239852,2.220446049250313e-16,0.0,0.0,0.0,0.9516644997776015,7.401486830834377e-17,2.220446049250313e-16,0.04833550022239874,9,2.614786670430188,0.0,1.01e-06,1.01e-06,1.01e-06
run_001,10,1772857486.7863624,0.04639970683736239,ideal,1,0.04639970683736194,4.440892098500626e-16,0.0,0.0,0.0,0.9536002931626381,1.4802973661668753e-16,4.440892098500626e-16,0.04639970683736239,10,2.6332673663264465,0.0,1.01e-06,1.01e-06,1.01e-06
run_001,11,1772857487.9970348,0.043373682809803915,ideal,1,0.04337368280980325,6.661338147750939e-16,0.0,0.0,0.0,0.9566263171901968,3.1456319031046104e-16,6.661338147750939e-16,0.043373682809803915,11,2.664528114937561,0.0,1.01e-06,1.01e-06,1.01e-06
run_001,12,1772857489.3080943,0.04234148128224502,ideal,1,0.04234148128224502,0.0,0.0,0.0,0.0,0.957658518717755,0.0,0.0,0.04234148128224502,12,2.682002485160484,0.0,1.01e-06,1.01e-06,1.01e-06
run_001,13,1772857490.7111104,0.039684765581515125,ideal,1,0.03968476558151457,5.551115123125783e-16,0.0,0.0,0.0,0.9603152344184854,2.220446049250313e-16,5.551115123125783e-16,0.039684765581515125,13,2.775408565188706,0.0,1.01e-06,1.01e-06,1.01e-06
run_001,14,1772857492.051547,0.039246928835371286,ideal,1,0.03924692883537062,6.661338147750939e-16,0.0,0.0,0.0,0.9607530711646294,2.0354088784794536e-16,6.661338147750939e-16,0.039246928835371286,14,2.797746578950375,0.0,1.01e-06,1.01e-06,1.01e-06
run_001,15,1772857493.348949,0.03798677114822935,ideal,1,0.03798677114822835,9.992007221626409e-16,0.0,0.0,0.0,0.9620132288517717,2.220446049250313e-16,9.992007221626409e-16,0.03798677114822935,15,2.8960017593836325,0.0,1.01e-06,1.01e-06,1.01e-06
run_001,16,1772857494.5775273,0.037718830298503425,ideal,1,0.03771883029850287,5.551115123125783e-16,0.0,0.0,0.0,0.9622811697014971,2.4054832200211723e-16,5.551115123125783e-16,0.037718830298503425,16,2.9092083247670937,0.0,1.01e-06,1.01e-06,1.01e-06
run_001,17,1772857495.8916843,0.03696206386908574,ideal,1,0.03696206386908463,1.1102230246251565e-15,0.0,0.0,0.0,0.9630379361309154,3.3306690738754696e-16,1.1102230246251565e-15,0.03696206386908574,17,2.960881434459484,0.0,1.01e-06,1.01e-06,1.01e-06
run_001,18,1772857497.1599846,0.03673084369447799,ideal,1,0.03673084369447743,5.551115123125783e-16,0.0,0.0,0.0,0.9632691563055226,1.1102230246251565e-16,5.551115123125783e-16,0.03673084369447799,18,2.9662825739168133,0.0,1.01e-06,1.01e-06,1.01e-06
run_001,19,1772857498.494306,0.03549509067940282,ideal,1,0.03549509067940282,0.0,0.0,0.0,0.0,0.9645049093205972,0.0,0.0,0.03549509067940282,19,2.9714880610031997,0.0,1.01e-06,1.01e-06,1.01e-06
run_001,20,1772857499.705151,0.03510490828596191,ideal,1,0.03510490828596158,3.3306690738754696e-16,0.0,0.0,0.0,0.9648950917140384,7.401486830834377e-17,3.3306690738754696e-16,0.03510490828596191,20,2.9539194480707267,0.0,1.01e-06,1.01e-06,1.01e-06
run_001,21,1772857500.9505563,0.03284852622974521,ideal,1,0.03284852622974477,4.440892098500626e-16,0.0,0.0,0.0,0.9671514737702552,1.295260195396016e-16,4.440892098500626e-16,0.03284852622974521,21,3.2424498107652893,0.0,1.01e-06,1.01e-06,1.01e-06
run_001,22,1772857502.1503925,0.03219779612972784,ideal,1,0.03219779612972695,8.881784197001252e-16,0.0,0.0,0.0,0.967802203870273,5.736152293896642e-16,8.881784197001252e-16,0.03219779612972784,22,3.327660280959901,0.0,1.01e-06,1.01e-06,1.01e-06
run_001,23,1772857503.5293183,0.028788498628569026,ideal,1,0.028788498628568582,4.440892098500626e-16,0.0,0.0,0.0,0.9712115013714314,1.4802973661668753e-16,4.440892098500626e-16,0.028788498628569026,23,3.838682553411578,0.0,1.01e-06,1.01e-06,1.01e-06
run_001,24,1772857504.7272093,0.02772610119675456,ideal,1,0.027726101196753672,8.881784197001252e-16,0.0,0.0,0.0,0.9722738988032463,2.9605947323337506e-16,8.881784197001252e-16,0.02772610119675456,24,3.912215917292762,0.0,1.01e-06,1.01e-06,1.01e-06
run_001,25,1772857505.9450426,0.027027348359545122,ideal,1,0.027027348359544123,9.992007221626409e-16,0.0,0.0,0.0,0.9729726516404559,2.4054832200211723e-16,9.992007221626409e-16,0.027027348359545122,25,3.9640481426364618,0.0,1.01e-06,1.01e-06,1.01e-06
run_001,26,1772857507.1404185,0.026530682859499333,ideal,1,0.026530682859498445,8.881784197001252e-16,0.0,0.0,0.0,0.9734693171405016,5.366077952354923e-16,8.881784197001252e-16,0.026530682859499333,26,4.000841797720573,0.0,1.01e-06,1.01e-06,1.01e-06
run_001,27,1772857508.3855004,0.02497744459990625,ideal,1,0.024977444599905918,3.3306690738754696e-16,0.0,0.0,0.0,0.9750225554000941,9.251858538542972e-17,3.3306690738754696e-16,0.02497744459990625,27,4.148203722593965,0.0,1.01e-06,1.01e-06,1.01e-06
run_001,28,1772857509.6138513,0.024595038911188194,ideal,1,0.02459503891118764,5.551115123125783e-16,0.0,0.0,0.0,0.9754049610888124,3.1456319031046104e-16,5.551115123125783e-16,0.024595038911188194,28,4.150941959262292,0.0,1.01e-06,1.01e-06,1.01e-06
run_001,29,1772857510.9282222,0.023037778586272428,ideal,1,0.023037778586271984,4.440892098500626e-16,0.0,0.0,0.0,0.976962221413728,9.251858538542972e-17,4.440892098500626e-16,0.023037778586272428,29,4.150561557886435,0.0,1.01e-06,1.01e-06,1.01e-06
run_001,30,1772857512.3242123,0.022672095920150848,ideal,1,0.022672095920149626,1.2212453270876722e-15,0.0,0.0,0.0,0.9773279040798504,6.476300976980079e-16,1.2212453270876722e-15,0.022672095920150848,30,4.139904841365154,0.0,1.01e-06,1.01e-06,1.01e-06
run_001,31,1772857513.6135924,0.02156703468565535,ideal,1,0.021567034685655018,3.3306690738754696e-16,0.0,0.0,0.0,0.978432965314345,2.0354088784794536e-16,3.3306690738754696e-16,0.02156703468565535,31,4.092315419395203,0.0,1.01e-06,1.01e-06,1.01e-06
run_001,32,1772857514.8800032,0.02132983688880208,ideal,1,0.021329836888801634,4.440892098500626e-16,0.0,0.0,0.0,0.9786701631111984,7.401486830834377e-17,4.440892098500626e-16,0.02132983688880208,32,4.0836294007969975,0.0,1.01e-06,1.01e-06,1.01e-06
run_001,33,1772857516.9431436,0.021177652325713114,ideal,1,0.021177652325712337,7.771561172376096e-16,0.0,0.0,0.0,0.9788223476742877,3.7007434154171886e-16,7.771561172376096e-16,0.021177652325713114,33,4.07613998082374,0.0,1.01e-06,1.01e-06,1.01e-06
run_001,34,1772857519.8758771,0.020693795996062803,ideal,1,0.02069379599606236,4.440892098500626e-16,0.0,0.0,0.0,0.9793062040039376,2.4054832200211723e-16,4.440892098500626e-16,0.020693795996062803,34,4.032578854307303,0.0,1.01e-06,1.01e-06,1.01e-06
run_001,35,1772857522.7909985,0.020598200948747536,ideal,1,0.020598200948747092,4.440892098500626e-16,0.0,0.0,0.0,0.9794017990512529,2.0354088784794536e-16,4.440892098500626e-16,0.020598200948747536,35,4.029013108926489,0.0,1.01e-06,1.01e-06,1.01e-06
run_001,36,1772857525.7548347,0.020107298607874302,ideal,1,0.020107298607873747,5.551115123125783e-16,0.0,0.0,0.0,0.9798927013921263,2.220446049250313e-16,5.551115123125783e-16,0.020107298607874302,36,4.006949176114574,0.0,1.01e-06,1.01e-06,1.01e-06
run_001,37,1772857528.6945436,0.01995518002312746,ideal,1,0.019955180023126573,8.881784197001252e-16,0.0,0.0,0.0,0.9800448199768734,2.7755575615628914e-16,8.881784197001252e-16,0.01995518002312746,37,4.010039282165728,0.0,1.01e-06,1.01e-06,1.01e-06
run_001,38,1772857531.6806583,0.01904570293680219,ideal,1,0.019045702936801745,4.440892098500626e-16,0.0,0.0,0.0,0.9809542970631983,1.6653345369377348e-16,4.440892098500626e-16,0.01904570293680219,38,4.051413287254218,0.0,1.01e-06,1.01e-06,1.01e-06
run_001,39,1772857534.5621574,0.018774913700005835,ideal,1,0.018774913700005058,7.771561172376096e-16,0.0,0.0,0.0,0.9812250862999949,2.9605947323337506e-16,7.771561172376096e-16,0.018774913700005835,39,4.068059508409873,0.0,1.01e-06,1.01e-06,1.01e-06
run_001,40,1772857537.4687612,0.016521854391202795,ideal,1,0.016521854391202573,2.220446049250313e-16,0.0,0.0,0.0,0.9834781456087974,9.251858538542972e-17,2.220446049250313e-16,0.016521854391202795,40,4.249179722439433,0.0,1.01e-06,1.01e-06,1.01e-06
run_001,41,1772857540.4675293,0.015770583778929592,ideal,1,0.015770583778929592,0.0,0.0,0.0,0.0,0.9842294162210704,0.0,0.0,0.015770583778929592,41,4.284850104163972,0.0,1.01e-06,1.01e-06,1.01e-06
run_001,42,1772857543.4626641,0.012709327130114634,ideal,1,0.01270932713011419,4.440892098500626e-16,0.0,0.0,0.0,0.9872906728698858,1.4802973661668753e-16,4.440892098500626e-16,0.012709327130114634,42,4.454127424433545,0.0,1.01e-06,1.01e-06,1.01e-06
run_001,43,1772857546.3652136,0.011993520969899252,ideal,1,0.011993520969898586,6.661338147750939e-16,0.0,0.0,0.0,0.9880064790301014,2.590520390792032e-16,6.661338147750939e-16,0.011993520969899252,43,4.4746665125939415,0.0,1.01e-06,1.01e-06,1.01e-06
run_001,44,1772857549.2966635,0.010574819614138198,ideal,1,0.010574819614137865,3.3306690738754696e-16,0.0,0.0,0.0,0.9894251803858621,7.401486830834377e-17,3.3306690738754696e-16,0.010574819614138198,44,4.54260832093593,0.0,1.01e-06,1.01e-06,1.01e-06
run_001,45,1772857552.1626034,0.010096746385529598,ideal,1,0.010096746385528932,6.661338147750939e-16,0.0,0.0,0.0,0.9899032536144711,2.590520390792032e-16,6.661338147750939e-16,0.010096746385529598,45,4.563000507748467,0.0,1.01e-06,1.01e-06,1.01e-06
run_001,46,1772857555.1584904,0.00752301162029867,ideal,1,0.0075230116202980035,6.661338147750939e-16,0.0,0.0,0.0,0.992476988379702,2.9605947323337506e-16,6.661338147750939e-16,0.00752301162029867,46,5.120761921536328,0.0,1.01e-06,1.01e-06,1.01e-06
run_001,47,1772857558.0845644,0.007068602528744861,ideal,1,0.007068602528744639,2.220446049250313e-16,0.0,0.0,0.0,0.9929313974712554,5.551115123125783e-17,2.220446049250313e-16,0.007068602528744861,47,5.1919031229071715,0.0,1.01e-06,1.01e-06,1.01e-06
run_001,48,1772857560.982803,0.006116245101400075,ideal,1,0.006116245101399298,7.771561172376096e-16,0.0,0.0,0.0,0.9938837548986007,4.070817756958907e-16,7.771561172376096e-16,0.006116245101400075,48,5.4360637512570165,0.0,1.01e-06,1.01e-06,1.01e-06
run_001,49,1772857563.8634903,0.0058991579364828794,ideal,1,0.0058991579364828794,0.0,0.0,0.0,0.0,0.9941008420635171,0.0,0.0,0.0058991579364828794,49,5.477951407252105,0.0,1.01e-06,1.01e-06,1.01e-06
run_001,50,1772857566.796037,0.004896710785227243,ideal,1,0.004896710785226355,8.881784197001252e-16,0.0,0.0,0.0,0.9951032892147736,2.0354088784794536e-16,8.881784197001252e-16,0.004896710785227243,50,5.873815206812861,0.0,1.01e-06,1.01e-06,1.01e-06
run_001,51,1772857569.66809,0.004666634806662184,ideal,1,0.004666634806661185,9.992007221626409e-16,0.0,0.0,0.0,0.9953333651933388,2.590520390792032e-16,9.992007221626409e-16,0.004666634806662184,51,5.951331715494292,0.0,1.01e-06,1.01e-06,1.01e-06
run_001,52,1772857572.6287599,0.003907990752311075,ideal,1,0.003907990752309964,1.1102230246251565e-15,0.0,0.0,0.0,0.99609200924769,3.515706244646329e-16,1.1102230246251565e-15,0.003907990752311075,52,6.336632093286431,0.0,1.01e-06,1.01e-06,1.01e-06
run_001,53,1772857575.8244894,0.0037282982851883917,ideal,1,0.0037282982851878366,5.551115123125783e-16,0.0,0.0,0.0,0.9962717017148122,2.590520390792032e-16,5.551115123125783e-16,0.0037282982851883917,53,6.345255497545435,0.0,1.01e-06,1.01e-06,1.01e-06
run_001,54,1772857579.2207084,0.003615804434100145,ideal,1,0.003615804434099812,3.3306690738754696e-16,0.0,0.0,0.0,0.9963841955659002,1.295260195396016e-16,3.3306690738754696e-16,0.003615804434100145,54,6.355021892486803,0.0,1.01e-06,1.01e-06,1.01e-06
run_001,55,1772857582.1506405,0.003355130155981323,ideal,1,0.0033551301559805458,7.771561172376096e-16,0.0,0.0,0.0,0.9966448698440195,2.590520390792032e-16,7.771561172376096e-16,0.003355130155981323,55,6.380170028269721,0.0,1.01e-06,1.01e-06,1.01e-06
run_001,56,1772857585.124365,0.0032869966483469737,ideal,1,0.0032869966483465296,4.440892098500626e-16,0.0,0.0,0.0,0.9967130033516535,2.0354088784794536e-16,4.440892098500626e-16,0.0032869966483469737,56,6.392241189166826,0.0,1.01e-06,1.01e-06,1.01e-06
run_001,57,1772857588.1772826,0.0029580011464270806,ideal,1,0.0029580011464270806,0.0,0.0,0.0,0.0,0.9970419988535729,0.0,0.0,0.0029580011464270806,57,6.495576179555108,0.0,1.01e-06,1.01e-06,1.01e-06
run_001,58,1772857591.1580124,0.0029043146703634504,ideal,1,0.0029043146703632283,2.220446049250313e-16,0.0,0.0,0.0,0.9970956853296368,7.401486830834377e-17,2.220446049250313e-16,0.0029043146703634504,58,6.509402786573694,0.0,1.01e-06,1.01e-06,1.01e-06
run_001,59,1772857594.066055,0.0027141415557137005,ideal,1,0.0027141415557127013,9.992007221626409e-16,0.0,0.0,0.0,0.9972858584442873,5.921189464667501e-16,9.992007221626409e-16,0.0027141415557137005,59,6.5845095123932404,0.0,1.01e-06,1.01e-06,1.01e-06
run_001,60,1772857597.0387716,0.002662703281801404,ideal,1,0.002662703281800738,6.661338147750939e-16,0.0,0.0,0.0,0.9973372967181993,2.0354088784794536e-16,6.661338147750939e-16,0.002662703281801404,60,6.591179613586128,0.0,1.01e-06,1.01e-06,1.01e-06
run_001,61,1772857600.0045307,0.0024065527740986248,ideal,1,0.0024065527740981807,4.440892098500626e-16,0.0,0.0,0.0,0.9975934472259018,1.8503717077085943e-16,4.440892098500626e-16,0.0024065527740986248,61,6.665693927970106,0.0,1.01e-06,1.01e-06,1.01e-06
run_001,62,1772857602.9020915,0.0023466005837794457,ideal,1,0.0023466005837788906,5.551115123125783e-16,0.0,0.0,0.0,0.9976533994162211,1.4802973661668753e-16,5.551115123125783e-16,0.0023466005837794457,62,6.677938742238599,0.0,1.01e-06,1.01e-06,1.01e-06
run_001,63,1772857605.8363216,0.0021757623738611898,ideal,1,0.0021757623738611898,0.0,0.0,0.0,0.0,0.9978242376261388,0.0,0.0,0.0021757623738611898,63,6.725781029244811,0.0,1.01e-06,1.01e-06,1.01e-06
run_001,64,1772857608.781235,0.0021260501729012393,ideal,1,0.002126050172900018,1.2212453270876722e-15,0.0,0.0,0.0,0.9978739498271,5.921189464667501e-16,1.2212453270876722e-15,0.0021260501729012393,64,6.725586849509438,0.0,1.01e-06,1.01e-06,1.01e-06
run_001,65,1772857611.7584763,0.0017079329554391398,ideal,1,0.0017079329554391398,0.0,0.0,0.0,0.0,0.9982920670445609,0.0,0.0,0.0017079329554391398,65,6.726868845704073,0.0,1.01e-06,1.01e-06,1.01e-06
run_001,66,1772857614.685399,0.0016077256790415495,ideal,1,0.0016077256790415495,0.0,0.0,0.0,0.0,0.9983922743209585,0.0,0.0,0.0016077256790415495,66,6.726979048283927,0.0,1.01e-06,1.01e-06,1.01e-06
run_001,67,1772857617.6890452,0.001338089165137002,ideal,1,0.0013380891651356697,1.3322676295501878e-15,0.0,0.0,0.0,0.9986619108348643,8.141635513917814e-16,1.3322676295501878e-15,0.001338089165137002,67,6.706213327902614,0.0,1.01e-06,1.01e-06,1.01e-06
run_001,68,1772857620.6731174,0.0012829168431743865,ideal,1,0.0012829168431739424,4.440892098500626e-16,0.0,0.0,0.0,0.9987170831568261,9.251858538542972e-17,4.440892098500626e-16,0.0012829168431743865,68,6.698539455272098,0.0,1.01e-06,1.01e-06,1.01e-06
run_001,69,1772857623.6079388,0.0010797776258032465,ideal,1,0.0010797776258032465,0.0,0.0,0.0,0.0,0.9989202223741968,0.0,0.0,0.0010797776258032465,69,6.6566233501011896,0.0,1.01e-06,1.01e-06,1.01e-06
run_001,70,1772857626.4670749,0.0010339487747190734,ideal,1,0.0010339487747180742,9.992007221626409e-16,0.0,0.0,0.0,0.9989660512252819,2.9605947323337506e-16,9.992007221626409e-16,0.0010339487747190734,70,6.650756401309733,0.0,1.01e-06,1.01e-06,1.01e-06
run_001,71,1772857629.5042164,0.000950865190133876,ideal,1,0.000950865190133876,0.0,0.0,0.0,0.0,0.9990491348098661,0.0,0.0,0.000950865190133876,71,6.638312915660177,0.0,1.01e-06,1.01e-06,1.01e-06
run_001,72,1772857632.4584465,0.0009358386815073727,ideal,1,0.0009358386815067066,6.661338147750939e-16,0.0,0.0,0.0,0.9990641613184933,3.515706244646329e-16,6.661338147750939e-16,0.0009358386815073727,72,6.63699099577328,0.0,1.01e-06,1.01e-06,1.01e-06
run_001,73,1772857635.5274954,0.0008615921473853483,ideal,1,0.0008615921473845711,7.771561172376096e-16,0.0,0.0,0.0,0.9991384078526154,3.515706244646329e-16,7.771561172376096e-16,0.0008615921473853483,73,6.62957681948968,0.0,1.01e-06,1.01e-06,1.01e-06
run_001,74,1772857638.5825238,0.0008424247831108067,ideal,1,0.0008424247831103626,4.440892098500626e-16,0.0,0.0,0.0,0.9991575752168896,9.251858538542972e-17,4.440892098500626e-16,0.0008424247831108067,74,6.634236009156675,0.0,1.01e-06,1.01e-06,1.01e-06
run_001,75,1772857641.5985587,0.0008040157935851333,ideal,1,0.0008040157935843562,7.771561172376096e-16,0.0,0.0,0.0,0.9991959842064156,2.590520390792032e-16,7.771561172376096e-16,0.0008040157935851333,75,6.65247521524775,0.0,1.01e-06,1.01e-06,1.01e-06
run_001,76,1772857644.5608778,0.0007919727823170186,ideal,1,0.0007919727823165745,4.440892098500626e-16,0.0,0.0,0.0,0.9992080272176834,1.4802973661668753e-16,4.440892098500626e-16,0.0007919727823170186,76,6.654884211470323,0.0,1.01e-06,1.01e-06,1.01e-06
run_001,77,1772857647.8559706,0.0007070917101940077,ideal,1,0.0007070917101937857,2.220446049250313e-16,0.0,0.0,0.0,0.9992929082898062,3.700743415417188e-17,2.220446049250313e-16,0.0007070917101940077,77,6.669581029822208,0.0,1.01e-06,1.01e-06,1.01e-06
run_001,78,1772857651.0095088,0.0006823733598491089,ideal,1,0.0006823733598489978,1.1102230246251565e-16,0.0,0.0,0.0,0.999317626640151,1.850371707708594e-17,1.1102230246251565e-16,0.0006823733598491089,78,6.668286157050366,0.0,1.01e-06,1.01e-06,1.01e-06
run_001,79,1772857654.0601943,0.0005891380391797041,ideal,1,0.000589138039179371,3.3306690738754696e-16,0.0,0.0,0.0,0.9994108619608206,1.6653345369377348e-16,3.3306690738754696e-16,0.0005891380391797041,79,6.659194376423373,0.0,1.01e-06,1.01e-06,1.01e-06
run_001,80,1772857657.1178725,0.0005646648747413829,ideal,1,0.0005646648747409388,4.440892098500626e-16,0.0,0.0,0.0,0.9994353351252591,1.1102230246251565e-16,4.440892098500626e-16,0.0005646648747413829,80,6.660094961567922,0.0,1.01e-06,1.01e-06,1.01e-06
