axis_x,axis_y,axis_z,duration_ns,experiment_id,family_id,full_block_process_fidelity,lambda_family,lambda_impl_rad,lambda_overlap_to_target_rot_rad,lambda_target_rad,n,n_max,phi_impl_rad,phi_target_rad,residual_fit_error,residual_post_z_rad,residual_pre_z_rad,rotation_process_fidelity,theta_impl_rad,theta_target_rad
0.5985622533067205,0.011540830644959307,0.8009931573642846,700.0000000000001,uniform_pi_zero_N2_T700ns,A_naive,0.3582731927329599,zero,-4.336808689942018e-19,0.0,0.0,0,2,0.019278530819492913,0.0,5.462897864095799e-07,-0.5415554258170729,0.5029984174825564,0.3582731927329599,3.1479130252526275,3.141592653589793
0.9997760192906266,0.01985386068115862,-0.00733044797008293,700.0000000000001,uniform_pi_zero_N2_T700ns,A_naive,0.879610127930749,zero,0.01985487126264168,0.019854869379580826,0.0,1,2,0.019855698785999652,0.0,8.766365279758794e-10,-0.013239121736113635,-0.026471723761373855,0.8796101279307492,3.8490626884326598,3.141592653589793
0.5987948776905951,0.012235827194656197,-0.8008089528622713,700.0000000000001,uniform_pi_zero_N2_T700ns,A_naive,0.3582612601024773,zero,0.17203330268228778,0.1720332945961143,0.0,2,2,0.02043124456442524,0.0,3.2434383066849283e-07,0.38175090007518087,-0.42261466016227356,0.3582612601024771,3.0843032259569605,3.141592653589793
-0.9775279602603091,-0.10593624862730057,-0.18225421294470637,700.0000000000001,uniform_pi_zero_N2_T700ns,D_extended_phase,0.914938271116367,zero,6.938893903907228e-18,3.141592653589793,0.0,0,2,3.249542944327506,0.0,1.842926002260672e-05,2.925685794189195,-3.141592653589793,0.914938271116367,2.7262452727352002,3.141592653589793
-0.8521765660660099,-0.14516547712017636,0.5027147148238402,700.0000000000001,uniform_pi_zero_N2_T700ns,D_extended_phase,0.7108840178554597,zero,0.01985485752432144,-3.1217377952365033,0.0,1,2,3.3103197660832016,0.0,1.7732791003844004e-05,2.8041306047219248,-3.141592653589793,0.7108840178554596,3.43312199098598,3.141592653589793
-0.96655334753075,0.21335288005886593,-0.14232067645879398,700.0000000000001,uniform_pi_zero_N2_T700ns,D_extended_phase,0.7216633213665382,zero,0.17203342519290057,-2.9695591353510227,0.0,2,2,2.9243406714418088,0.0,1.7103517766848932e-05,-2.923338263499864,-2.925335167593344,0.721663321366538,4.136066986020906,3.141592653589793
0.46717711379907695,0.013195139998258661,0.8840652875341225,700.0000000000001,uniform_pi_zero_N3_T700ns,A_naive,0.21678823657113605,zero,-6.93889390390723e-18,0.0,0.0,0,3,0.028236898801454146,0.0,6.165613716870763e-07,-0.5827486872316854,0.5262748978655072,0.21678823657113605,2.977482523855533,3.141592653589793
0.9585927700447319,0.022092927119225073,0.28392217910771345,700.0000000000001,uniform_pi_zero_N3_T700ns,A_naive,0.8227195660773173,zero,0.01985487001657669,0.019854863563847063,0.0,1,3,0.023043170482290914,0.0,1.0778181727076257e-07,-0.25404087144450527,0.20795424826594333,0.8227195660773173,3.8005000945026883,3.141592653589793
0.9526696155121497,0.034811199166120604,-0.30200792057916215,700.0000000000001,uniform_pi_zero_N3_T700ns,A_naive,0.8220632899041839,zero,0.17203360881548843,0.17203360931429246,0.0,2,3,0.03652443349240854,0.0,3.029016735246909e-08,0.0809911937162564,-0.15404043733942174,0.8220632899041836,3.7655864385073023,3.141592653589793
0.4698243980869368,0.014722172726583651,-0.8826371239600429,700.0000000000001,uniform_pi_zero_N3_T700ns,A_naive,0.21675526721244603,zero,0.45653637728930513,0.45653685874931177,0.0,3,3,0.031325229162370904,0.0,3.9098793878552895e-07,0.4097089323790777,-0.47236040421859116,0.21675526721244598,2.8722416503920853,3.141592653589793
-0.824325148905412,-0.564797316718115,0.038626932444703145,700.0000000000001,uniform_pi_zero_N3_T700ns,B_extended_rot,0.36958462852500895,zero,2.775557561562892e-17,3.141592653589793,0.0,0,3,3.7422915249464404,0.0,1.3633976609110699e-05,1.9401826807904081,-3.141592653589793,0.36958462852500895,1.658703853812585,3.141592653589793
0.7038878338438074,-0.030281550281196556,0.7096653754265034,700.0000000000001,uniform_pi_zero_N3_T700ns,B_extended_rot,0.47635878024286715,zero,0.01985486909886171,0.019854843997272397,0.0,1,3,6.24019139780323,0.0,7.609225891231777e-07,-0.5722573304810998,0.6582680231814964,0.476358780242867,2.7463481807691945,3.141592653589793
0.9948062770573558,0.018596795659125375,0.10007312485625727,700.0000000000001,uniform_pi_zero_N3_T700ns,B_extended_rot,0.9794828960090732,zero,0.172033613476036,0.1720336177899311,0.0,2,3,0.018691709385731215,0.0,1.347505374007607e-07,-0.27758526524126914,0.24020157957687394,0.9794828960090732,3.344552704961369,3.141592653589793
0.6994205350497883,-0.020973229138545782,-0.7144025747505183,700.0000000000001,uniform_pi_zero_N3_T700ns,B_extended_rot,0.48683884247801534,zero,0.45653630972314824,0.456536862947734,0.0,3,3,6.253207711245702,0.0,8.432127367172895e-08,0.23310548522358765,-0.17315038260366222,0.48683884247801523,3.2803124558456958,3.141592653589793
-0.9241019961293097,-0.3591511942287183,0.1305600261715303,700.0000000000001,uniform_pi_zero_N3_T700ns,C_chirp_rot,0.6856842282951077,zero,0.0,3.141592653589793,0.0,0,3,3.5122754350506846,0.0,1.5630686881277108e-05,2.4002188222268144,-3.141592653589793,0.6856842282951077,2.2216737634354278,3.141592653589793
-0.9031106314934991,-0.2238626600928441,-0.3664378483448033,700.0000000000001,uniform_pi_zero_N3_T700ns,C_chirp_rot,0.6911132513321816,zero,0.019854870330229476,-3.121737823449661,0.0,1,3,3.3845746087982636,0.0,1.687372401071851e-05,3.0854990548091195,2.7117147285640124,0.6911132513321813,2.3388234521065496,3.141592653589793
0.8362722976711088,0.1550852078199908,0.5259251110788633,700.0000000000001,uniform_pi_zero_N3_T700ns,C_chirp_rot,0.6975506556007554,zero,0.17203362448897833,0.17203361532283423,0.0,2,3,0.18336511737344216,0.0,6.848438140774603e-07,-0.7390617917100522,0.3723319085620811,0.6975506556007552,3.0400657467683345,3.141592653589793
0.9755766039630903,0.1987932354995544,-0.09344270607951358,700.0000000000001,uniform_pi_zero_N3_T700ns,C_chirp_rot,0.8974579715456726,zero,0.45653648042549133,0.4565363943612782,0.0,3,3,0.20101790883913667,0.0,8.11716669667442e-08,-0.2133219508155504,-0.18871889106772688,0.8974579715456726,3.6239272267445104,3.141592653589793
0.9447219258481496,-0.022733830706691698,0.32708356082683615,700.0000000000001,uniform_pi_zero_N3_T700ns,D_extended_phase,0.8922806175654362,zero,0.0,0.0,0.0,0,3,6.259125905797504,0.0,5.833717309368056e-07,-0.5154834512911157,0.5636026456054397,0.8922806175654362,3.1102706281774353,3.141592653589793
0.9992380146183447,0.001641921941894024,0.038996079725089124,700.0000000000001,uniform_pi_zero_N3_T700ns,D_extended_phase,0.9130730812385934,zero,0.019854868959008933,0.019854847107601426,0.0,1,3,0.0016431725376084548,0.0,0.1778004956711497,-0.0016431680405362137,-0.0016431680405362137,0.9130730812385932,2.547992619185037,3.141592653589793
0.9943280355865017,0.09137172770762034,-0.05443312431243509,700.0000000000001,uniform_pi_zero_N3_T700ns,D_extended_phase,0.8310078986804469,zero,0.17203360994611486,0.17203354431112688,0.0,2,3,0.09163558628318832,0.0,0.3382512535085295,-0.09163550951276855,-0.09163550951276855,0.8310078986804466,2.319966497673319,3.141592653589793
0.8810437641163148,-0.027223685721486875,-0.4722507349358953,700.0000000000001,uniform_pi_zero_N3_T700ns,D_extended_phase,0.7754507365127488,zero,0.45653627658439655,0.4565363739912954,0.0,3,3,6.252295778568099,0.0,3.9828539324971385e-07,0.4760723194074732,-0.41429329127620607,0.775450736512749,3.07791472550612,3.141592653589793
-0.9996933736510621,0.021184724768654035,0.012820534880974264,700.0000000000001,uniform_pi_zero_N3_T700ns,D_chirp_phase,0.967802958550198,zero,0.0,3.141592653589793,0.0,0,3,3.120404602278884,0.0,0.06405686063258281,-3.1204013611732435,-3.1204013611732435,0.967802958550198,2.7841468745511246,3.141592653589793
-0.9519187458841407,-0.07766095976253261,-0.2963435110865883,700.0000000000001,uniform_pi_zero_N3_T700ns,D_chirp_phase,0.8984800526447604,zero,0.01985487280685633,-3.121737784854407,0.0,1,3,3.222995970994983,0.0,0.19589406602870987,3.0601830678105877,3.0601830678105877,0.8984800526447602,2.9573374712017717,3.141592653589793
-0.9698311174352733,-0.14290590215013327,0.19749811843383647,700.0000000000001,uniform_pi_zero_N3_T700ns,D_chirp_phase,0.8801684602066354,zero,0.1720336294612791,-2.969559042065862,0.0,2,3,3.2878912108796334,0.0,0.20680463090504955,2.9952909374958896,2.9952909374958896,0.8801684602066352,2.6291705581379725,3.141592653589793
-0.9383395846932224,0.12228403588208787,-0.3233657965310168,700.0000000000001,uniform_pi_zero_N3_T700ns,D_chirp_phase,0.8639402171557139,zero,0.45653634859091846,-2.6850561819329077,0.0,3,3,3.0120033774936252,0.0,1.8177952683169446e-05,-2.8824086625275447,-3.141592653589793,0.8639402171557137,3.416574176307588,3.141592653589793
0.3671929531125912,0.014293305485980031,0.9300349652581557,700.0000000000001,uniform_pi_zero_N4_T700ns,A_naive,0.13162609646325482,zero,0.0,0.0,0.0,0,4,0.03890622828468806,0.0,6.735140716946535e-07,-0.6179070468014052,0.5400873144085505,0.13162609646325482,2.8320268495533405,3.141592653589793
0.8919439253875294,0.022362496520801613,0.45159268452184054,700.0000000000001,uniform_pi_zero_N4_T700ns,A_naive,0.7341734205870064,zero,0.01985466523174041,0.019854736649055307,0.0,1,4,0.025066388209501498,0.0,2.240709167167962e-07,-0.35881463284901294,0.3086799164340812,0.7341734205870064,3.7045722290799996,3.141592653589793
0.9991064255439077,0.03969793551972588,-0.014506010904025894,700.0000000000001,uniform_pi_zero_N4_T700ns,A_naive,0.8806939597158918,zero,0.17203306533912793,0.17203321950737213,0.0,2,4,0.03971255041769652,0.0,3.5056775007699603e-09,-0.02648253518287058,-0.05294248796690537,0.8806939597158912,3.8420576072520523,3.141592653589793
0.8821795289363121,0.04800030388458763,-0.46846051013153045,700.0000000000001,uniform_pi_zero_N4_T700ns,A_naive,0.7324719157868178,zero,0.45653452131329586,0.45653539353032113,0.0,3,4,0.05435743746156189,0.0,1.0890914597429439e-07,0.17252710484329148,-0.2812424274403229,0.7324719157868178,3.6314636994522833,3.141592653589793
0.3724766485458564,0.015094721615666115,-0.9279187979922554,700.0000000000001,uniform_pi_zero_N4_T700ns,A_naive,0.13161142468494805,zero,0.873356291384035,0.8733720551007137,0.0,4,4,0.040503120023746675,0.0,4.502727574648942e-07,0.4316356397736629,-0.5126412772234303,0.13161142468494802,2.6844689956288366,3.141592653589793
-0.8621148881372495,0.23377205751671898,-0.44956483934633706,700.0000000000001,uniform_pi_zero_N4_T700ns,D_extended_phase,0.7006058028948865,zero,5.551115123125783e-17,3.141592653589793,0.0,0,4,2.876798889540879,0.0,1.6692157732730454e-05,-2.611997710049125,-3.141592653589793,0.7006058028948865,3.625315254671059,3.141592653589793
-0.9774614863692925,-0.08961764839338847,-0.19114842338134097,700.0000000000001,uniform_pi_zero_N4_T700ns,D_extended_phase,0.9526930376080911,zero,0.019854755040944503,-3.1217379181783618,0.0,1,4,3.233021114808441,0.0,1.8623733112327996e-05,-3.141592653589793,2.958731929453892,0.9526930376080913,3.2487052783039636,3.141592653589793
-0.9200373435997338,-0.3225874855568771,-0.22241537838925873,700.0000000000001,uniform_pi_zero_N4_T700ns,D_extended_phase,0.8413242365453663,zero,0.17203332705624846,-2.9695593870358468,0.0,2,4,3.478823568770801,0.0,1.5857760642937485e-05,3.058216140760697,2.55050135925067,0.8413242365453663,3.297657812921169,3.141592653589793
-0.9837392949961646,-0.06245196232286202,0.16839463139445046,700.0000000000001,uniform_pi_zero_N4_T700ns,D_extended_phase,0.9440272089627434,zero,0.4565350670623471,-2.6850577388159738,0.0,3,4,3.2049918345535766,0.0,0.10574000078053424,3.0781887661733904,3.0781887661733904,0.9440272089627432,2.827250768433329,3.141592653589793
-0.8672731642143939,0.06769045580165856,0.4932091451168728,700.0000000000001,uniform_pi_zero_N4_T700ns,D_extended_phase,0.7477923916311127,zero,0.8733571501429074,-2.2682347029975074,0.0,4,4,3.0637008112243937,0.0,0.5304395693532109,-3.0636942661314497,-3.0636942661314497,0.747792391631113,2.9893874668225657,3.141592653589793
0.5985622533067205,0.011540830644959307,0.8009931573642846,700.0000000000001,uniform_pi_kerr_cancel_N2_T700ns,A_naive,0.3582731927329599,kerr_cancel,-4.336808689942018e-19,0.0,-0.0,0,2,0.019278530819492913,0.0,5.462897864095799e-07,-0.5415554258170729,0.5029984174825564,0.3582731927329599,3.1479130252526275,3.141592653589793
0.9997760192906266,0.01985386068115862,-0.00733044797008293,700.0000000000001,uniform_pi_kerr_cancel_N2_T700ns,A_naive,0.879610127930749,kerr_cancel,0.01985487126264168,0.019854869379580826,0.0,1,2,0.019855698785999652,0.0,8.766365279758794e-10,-0.013239121736113635,-0.026471723761373855,0.8796101279307492,3.8490626884326598,3.141592653589793
0.5987948776905951,0.012235827194656197,-0.8008089528622713,700.0000000000001,uniform_pi_kerr_cancel_N2_T700ns,A_naive,0.3582612601024771,kerr_cancel,0.17203330268228778,0.1720332945961143,0.13194689145077132,2,2,0.02043124456442524,0.0,3.2434383066849283e-07,0.38175090007518087,-0.42261466016227356,0.3582612601024771,3.0843032259569605,3.141592653589793
-0.9779963198038703,-0.11093245242798552,-0.1766838686705674,700.0000000000001,uniform_pi_kerr_cancel_N2_T700ns,D_extended_phase,0.916004198084249,kerr_cancel,6.93889390390723e-18,3.141592653589793,-0.0,0,2,3.2545382116662642,0.0,1.837098549954636e-05,2.9156937056516465,-3.141592653589793,0.916004198084249,2.7272256441683163,3.141592653589793
-0.8529377873946327,-0.13988303975644958,0.5029213318431062,700.0000000000001,uniform_pi_kerr_cancel_N2_T700ns,D_extended_phase,0.7130332539421809,kerr_cancel,0.019854857603180013,-3.1217377924996303,0.0,1,2,3.3041470384841602,0.0,1.7802362303522612e-05,2.816453271029453,-3.141592653589793,0.7130332539421809,3.424596543996218,3.141592653589793
-0.9689459002046366,0.20397825320554602,-0.1397737983165683,700.0000000000001,uniform_pi_kerr_cancel_N2_T700ns,D_extended_phase,0.7174140226500565,kerr_cancel,0.17203346632857539,-2.9695591223307605,0.13194689145077132,2,2,2.9341066628296697,0.0,1.723052240669905e-05,-2.854789261422701,-3.013416145379236,0.717414022650056,4.155825625564633,3.141592653589793
0.46717711379907695,0.013195139998258661,0.8840652875341225,700.0000000000001,uniform_pi_kerr_cancel_N3_T700ns,A_naive,0.21678823657113605,kerr_cancel,-6.93889390390723e-18,0.0,-0.0,0,3,0.028236898801454146,0.0,6.165613716870763e-07,-0.5827486872316854,0.5262748978655072,0.21678823657113605,2.977482523855533,3.141592653589793
0.9585927700447319,0.022092927119225073,0.28392217910771345,700.0000000000001,uniform_pi_kerr_cancel_N3_T700ns,A_naive,0.8227195660773173,kerr_cancel,0.01985487001657669,0.019854863563847063,0.0,1,3,0.023043170482290914,0.0,1.0778181727076257e-07,-0.25404087144450527,0.20795424826594333,0.8227195660773173,3.8005000945026883,3.141592653589793
0.9526696155121497,0.034811199166120604,-0.30200792057916215,700.0000000000001,uniform_pi_kerr_cancel_N3_T700ns,A_naive,0.8220632899041839,kerr_cancel,0.17203360881548843,0.17203360931429246,0.13194689145077132,2,3,0.03652443349240854,0.0,3.029016735246909e-08,0.0809911937162564,-0.15404043733942174,0.8220632899041836,3.7655864385073023,3.141592653589793
0.4698243980869368,0.014722172726583651,-0.8826371239600429,700.0000000000001,uniform_pi_kerr_cancel_N3_T700ns,A_naive,0.21675526721244603,kerr_cancel,0.45653637728930513,0.45653685874931177,0.395840674352314,3,3,0.031325229162370904,0.0,3.9098793878552895e-07,0.4097089323790777,-0.47236040421859116,0.21675526721244598,2.8722416503920853,3.141592653589793
-0.824325148905412,-0.564797316718115,0.038626932444703145,700.0000000000001,uniform_pi_kerr_cancel_N3_T700ns,B_extended_rot,0.36958462852500895,kerr_cancel,2.775557561562892e-17,3.141592653589793,-0.0,0,3,3.7422915249464404,0.0,1.3633976609110699e-05,1.9401826807904081,-3.141592653589793,0.36958462852500895,1.658703853812585,3.141592653589793
0.7038878338438074,-0.030281550281196556,0.7096653754265034,700.0000000000001,uniform_pi_kerr_cancel_N3_T700ns,B_extended_rot,0.47635878024286715,kerr_cancel,0.01985486909886171,0.019854843997272397,0.0,1,3,6.24019139780323,0.0,7.609225891231777e-07,-0.5722573304810998,0.6582680231814964,0.476358780242867,2.7463481807691945,3.141592653589793
0.9948062770573558,0.018596795659125375,0.10007312485625727,700.0000000000001,uniform_pi_kerr_cancel_N3_T700ns,B_extended_rot,0.9794828960090732,kerr_cancel,0.172033613476036,0.1720336177899311,0.13194689145077132,2,3,0.018691709385731215,0.0,1.347505374007607e-07,-0.27758526524126914,0.24020157957687394,0.9794828960090732,3.344552704961369,3.141592653589793
0.6994205350497883,-0.020973229138545782,-0.7144025747505183,700.0000000000001,uniform_pi_kerr_cancel_N3_T700ns,B_extended_rot,0.48683884247801523,kerr_cancel,0.45653630972314824,0.456536862947734,0.395840674352314,3,3,6.253207711245702,0.0,8.432127367172895e-08,0.23310548522358765,-0.17315038260366222,0.48683884247801523,3.2803124558456958,3.141592653589793
-0.9241019961293097,-0.3591511942287183,0.1305600261715303,700.0000000000001,uniform_pi_kerr_cancel_N3_T700ns,C_chirp_rot,0.6856842282951077,kerr_cancel,0.0,3.141592653589793,-0.0,0,3,3.5122754350506846,0.0,1.5630686881277108e-05,2.4002188222268144,-3.141592653589793,0.6856842282951077,2.2216737634354278,3.141592653589793
-0.9031106314934991,-0.2238626600928441,-0.3664378483448033,700.0000000000001,uniform_pi_kerr_cancel_N3_T700ns,C_chirp_rot,0.6911132513321816,kerr_cancel,0.019854870330229476,-3.121737823449661,0.0,1,3,3.3845746087982636,0.0,1.687372401071851e-05,3.0854990548091195,2.7117147285640124,0.6911132513321813,2.3388234521065496,3.141592653589793
0.8362722976711088,0.1550852078199908,0.5259251110788633,700.0000000000001,uniform_pi_kerr_cancel_N3_T700ns,C_chirp_rot,0.6975506556007554,kerr_cancel,0.17203362448897833,0.17203361532283423,0.13194689145077132,2,3,0.18336511737344216,0.0,6.848438140774603e-07,-0.7390617917100522,0.3723319085620811,0.6975506556007552,3.0400657467683345,3.141592653589793
0.9755766039630903,0.1987932354995544,-0.09344270607951358,700.0000000000001,uniform_pi_kerr_cancel_N3_T700ns,C_chirp_rot,0.8974579715456731,kerr_cancel,0.45653648042549133,0.4565363943612782,0.395840674352314,3,3,0.20101790883913667,0.0,8.11716669667442e-08,-0.2133219508155504,-0.18871889106772688,0.8974579715456726,3.6239272267445104,3.141592653589793
0.9449545992533283,-0.020573866334582355,0.3265540098881478,700.0000000000001,uniform_pi_kerr_cancel_N3_T700ns,D_extended_phase,0.8926996465908701,kerr_cancel,0.0,0.0,-0.0,0,3,6.261416413343062,0.0,5.847972183983805e-07,-0.5185312044338986,0.5620694304510758,0.8926996465908701,3.10883446782857,3.141592653589793
0.9993071929243298,-0.0013028050176206781,0.03719458117498352,700.0000000000001,uniform_pi_kerr_cancel_N3_T700ns,D_extended_phase,0.9129952699807481,kerr_cancel,0.019854868949324967,0.0198548471003238,0.0,1,3,6.2818815996822925,0.0,0.1779652731906864,0.0013037014202312847,0.0013037014202312847,0.9129952699807481,2.54726171803171,3.141592653589793
0.9942019824889389,0.09353543762289618,-0.05304281217805978,700.0000000000001,uniform_pi_kerr_cancel_N3_T700ns,D_extended_phase,0.8280819123352098,kerr_cancel,0.17203360992188257,0.17203354334484258,0.13194689145077132,2,3,0.09380480836555397,0.0,0.34396608332223605,-0.09380473375736065,-0.09380473375736065,0.8280819123352096,2.3124893892404144,3.141592653589793
0.8814626911695237,-0.02818385956380516,-0.4714119155645819,700.0000000000001,uniform_pi_kerr_cancel_N3_T700ns,D_extended_phase,0.7761686741832037,kerr_cancel,0.45653627645596784,0.4565363735708691,0.395840674352314,3,3,6.251222228891491,0.0,4.2297317412153357e-07,0.4907200016484268,-0.42679795024155043,0.7761686741832037,3.077123758449818,3.141592653589793
-0.999658670237292,0.024780708952193413,-0.008274024609324264,700.0000000000001,uniform_pi_kerr_cancel_N3_T700ns,D_chirp_phase,0.9909886188086282,kerr_cancel,0.0,3.141592653589793,-0.0,0,3,3.116808559157516,0.0,0.016859635501310827,-3.116805322306251,-3.116805322306251,0.9909886188086282,2.958751217163468,3.141592653589793
-0.9836960311080294,-0.045898231589465564,-0.1738834975472677,700.0000000000001,uniform_pi_kerr_cancel_N3_T700ns,D_chirp_phase,0.9676578282400224,kerr_cancel,0.019854871664188787,-3.1217377821132883,0.0,1,3,3.188217795777915,0.0,1.9161932240656363e-05,3.1409690801613994,3.0489557199761865,0.9676578282400224,3.141890111681967,3.141592653589793
-0.9831609543428337,-0.07677876161493505,0.16582991171849998,700.0000000000001,uniform_pi_kerr_cancel_N3_T700ns,D_chirp_phase,0.9511760139524771,kerr_cancel,0.17203364189247644,-2.9695590139341173,0.13194689145077132,2,3,3.2195282631533115,0.0,0.08701075179087973,3.0636512784994867,3.0636512784994867,0.9511760139524769,2.888230632921194,3.141592653589793
-0.9863241241321,0.08089246353614238,-0.14360059713698783,700.0000000000001,uniform_pi_kerr_cancel_N3_T700ns,D_chirp_phase,0.9648499369522014,kerr_cancel,0.45653650463078044,-2.6850561007910096,0.395840674352314,3,3,3.0597617211449166,0.0,1.8737660929238626e-05,-2.9779247479662745,-3.1415925308496817,0.9648499369522012,3.323020574731017,3.141592653589793
0.3671929531125912,0.014293305485980031,0.9300349652581557,700.0000000000001,uniform_pi_kerr_cancel_N4_T700ns,A_naive,0.13162609646325482,kerr_cancel,0.0,0.0,-0.0,0,4,0.03890622828468806,0.0,6.735140716946535e-07,-0.6179070468014052,0.5400873144085505,0.13162609646325482,2.8320268495533405,3.141592653589793
0.8919439253875294,0.022362496520801613,0.45159268452184054,700.0000000000001,uniform_pi_kerr_cancel_N4_T700ns,A_naive,0.7341734205870064,kerr_cancel,0.01985466523174041,0.019854736649055307,0.0,1,4,0.025066388209501498,0.0,2.240709167167962e-07,-0.35881463284901294,0.3086799164340812,0.7341734205870064,3.7045722290799996,3.141592653589793
0.9991064255439077,0.03969793551972588,-0.014506010904025894,700.0000000000001,uniform_pi_kerr_cancel_N4_T700ns,A_naive,0.8806939597158918,kerr_cancel,0.17203306533912793,0.17203321950737213,0.13194689145077132,2,4,0.03971255041769652,0.0,3.5056775007699603e-09,-0.02648253518287058,-0.05294248796690537,0.8806939597158912,3.8420576072520523,3.141592653589793
0.8821795289363121,0.04800030388458763,-0.46846051013153045,700.0000000000001,uniform_pi_kerr_cancel_N4_T700ns,A_naive,0.7324719157868178,kerr_cancel,0.45653452131329586,0.45653539353032113,0.395840674352314,3,4,0.05435743746156189,0.0,1.0890914597429439e-07,0.17252710484329148,-0.2812424274403229,0.7324719157868178,3.6314636994522833,3.141592653589793
0.3724766485458564,0.015094721615666115,-0.9279187979922554,700.0000000000001,uniform_pi_kerr_cancel_N4_T700ns,A_naive,0.13161142468494802,kerr_cancel,0.873356291384035,0.8733720551007137,0.791681348704628,4,4,0.040503120023746675,0.0,4.502727574648942e-07,0.4316356397736629,-0.5126412772234303,0.13161142468494802,2.6844689956288366,3.141592653589793
-0.9693995108153687,0.10912128655391465,-0.2199025539909493,700.0000000000001,uniform_pi_kerr_cancel_N4_T700ns,D_extended_phase,0.9164699232854249,kerr_cancel,-6.938893903907228e-18,3.141592653589793,-0.0,0,4,3.029498657884499,0.0,0.14653555842201296,-3.029495516413543,-3.029495516413543,0.9164699232854249,2.8255927360002473,3.141592653589793
-0.9155563403284156,-0.28291999436480686,-0.28585462122039595,700.0000000000001,uniform_pi_kerr_cancel_N4_T700ns,D_extended_phase,0.8238214665808394,kerr_cancel,0.019854906401769425,-3.121737766796622,0.0,1,4,3.4412987866132956,0.0,1.6188016753820697e-05,2.7088487500414855,2.974917396528598,0.8238214665808397,2.8785032359981058,3.141592653589793
-0.9558066737775458,-0.1576965023345847,0.2481237907048462,700.0000000000001,uniform_pi_kerr_cancel_N4_T700ns,D_extended_phase,0.8046773603663401,kerr_cancel,0.17203365623636277,-2.9695590666609886,0.13194689145077132,2,4,3.3051074588800167,0.0,1.7742815420661044e-05,2.9283999962964415,3.0277505705850363,0.8046773603663401,3.846579407019541,3.141592653589793
-0.9872995283225667,0.09532864692129049,0.127090874771532,700.0000000000001,uniform_pi_kerr_cancel_N4_T700ns,D_extended_phase,0.9701787209027851,kerr_cancel,0.4565355899238489,-2.6850571476405465,0.395840674352314,3,4,3.045336102004426,0.0,0.04177669842559632,-3.0453330365767814,-3.0453330365767814,0.9701787209027853,3.004461833309054,3.141592653589793
-0.9711342340747282,0.23852368528578557,0.0021796710253339665,700.0000000000001,uniform_pi_kerr_cancel_N4_T700ns,D_extended_phase,0.8061986455679525,kerr_cancel,0.8733577142130393,-2.268235402485363,0.791681348704628,4,4,2.9007466961124617,0.0,1.6829339897392978e-05,-2.9004626641991975,-2.9010237041133857,0.8061986455679525,3.9232684351394598,3.141592653589793
0.8451189005834673,0.5341344508293872,-0.021781467209085022,450.00000000000006,uniform_pi_kerr_cancel_N3_T450ns,A_naive,0.6073998801170886,kerr_cancel,0.0,0.0,-0.0,0,3,0.5636335178662558,0.0,0.3121231455730901,-0.5636329053109277,-0.5636329053109277,0.6073998801170886,2.3474015715001095,3.141592653589793
0.47816915279862626,-0.5582336310643107,-0.6780335349085611,450.00000000000006,uniform_pi_kerr_cancel_N3_T450ns,A_naive,0.18706303311989253,kerr_cancel,-0.8912070030624906,-0.8912069952627646,0.0,1,3,5.420687993969138,0.0,2.5423390503665118e-06,1.5886250773420603,0.1363679985398525,0.1870630331198925,2.260449436659961,3.141592653589793
0.15910714892631184,0.6492518011407855,0.7437452614141393,450.00000000000006,uniform_pi_kerr_cancel_N3_T450ns,A_naive,0.02504144732820724,kerr_cancel,1.4443786203311575,1.444378394624568,0.08482300164692443,2,3,1.330470269207535,0.0,4.190414383693313e-06,-1.9006069561339662,-0.7603275133216396,0.025041447328207223,2.93328121076999,3.141592653589793
0.9744407837595147,-0.0935024170391819,0.2042607572539908,450.00000000000006,uniform_pi_kerr_cancel_N3_T450ns,A_naive,0.8422728413788417,kerr_cancel,0.7235711692281397,0.7235712236447337,0.2544690049407733,3,3,6.187523237533035,0.0,2.047317026906116e-06,-0.9115648142999699,1.1028887453313905,0.8422728413788416,2.456046215457837,3.141592653589793
-0.8891584606388816,0.16754449254987058,-0.42582399520283115,450.00000000000006,uniform_pi_kerr_cancel_N3_T450ns,D_extended_phase,0.6793876334369532,kerr_cancel,0.0,3.141592653589793,-0.0,0,3,2.955346044921991,0.0,1.746984840334394e-05,-2.984771342068649,-2.9259130646994356,0.6793876334369532,3.910519623176173,3.141592653589793
0.9775552932803885,-0.09490234831179982,0.1880935747557564,450.00000000000006,uniform_pi_kerr_cancel_N3_T450ns,D_extended_phase,0.9071407081405963,kerr_cancel,-0.8912069829222596,-0.8912069638818242,0.0,1,3,6.186407274207198,0.0,1.2244489512485705e-07,-0.13090306828853926,0.32445179627821386,0.9071407081405963,3.595935695592842,3.141592653589793
0.9402546096241136,0.2590669003576078,-0.2209199181144775,450.00000000000006,uniform_pi_kerr_cancel_N3_T450ns,D_extended_phase,0.6822308483621258,kerr_cancel,1.444378714393359,1.444378719805466,0.08482300164692443,2,3,0.2688574453596189,0.0,0.5729949091416587,-0.2688611476098153,-0.2688611476098153,0.6822308483621258,2.1452434152736615,3.141592653589793
-0.8306828912230256,-0.4318856826437668,-0.35134127476953586,450.00000000000006,uniform_pi_kerr_cancel_N3_T450ns,D_extended_phase,0.6777602759190935,kerr_cancel,0.7235717408907775,-2.418020875591107,0.2544690049407733,3,3,3.621046160311084,0.0,1.4279154813190847e-05,2.891482613195504,2.4327885944775858,0.6777602759190935,3.4091211637929053,3.141592653589793
0.9842804578373157,-0.09877910737394181,0.14640583412545954,1000.0000000000001,uniform_pi_kerr_cancel_N3_T1000ns,A_naive,0.9610452567326792,kerr_cancel,0.0,0.0,-0.0,0,3,6.183163530290225,0.0,1.4326532714941485e-06,-0.7404013953920945,0.9404444230402387,0.9610452567326792,2.9623251215851027,3.141592653589793
0.8922598889911771,0.4462860907936956,0.0685639530769175,1000.0000000000001,uniform_pi_kerr_cancel_N3_T1000ns,A_naive,0.7959753452212935,kerr_cancel,0.48481057589666426,0.4848105753178601,0.0,1,3,0.46378759993347535,0.0,1.2003985511733916e-06,-1.0843445972086467,0.15677039445568708,0.7959753452212938,3.113921135793092,3.141592653589793
0.5481419625281985,0.8363652099650227,0.005798661560954485,1000.0000000000001,uniform_pi_kerr_cancel_N3_T1000ns,A_naive,0.29899994090113974,kerr_cancel,1.1584934926901358,1.1584936460110802,0.18849555921538763,2,3,0.9906442006914538,0.0,0.009796710628539778,-0.9906426108760256,-0.9906426108760256,0.29899994090113985,3.0020820356106745,3.141592653589793
-0.01629622496408856,-0.9972087381423698,-0.07286402146754273,1000.0000000000001,uniform_pi_kerr_cancel_N3_T1000ns,A_naive,0.00025916758934192534,kerr_cancel,-1.1205461916708566,2.0210608081228147,0.5654866776461629,3,3,4.69604859556196,0.0,5.038315462238132e-06,1.598547682401084,1.5757247741915092,0.0002591675893419245,3.4533044516431977,3.141592653589793
0.9954159351410243,0.0004182527800063201,0.09563964205250856,1000.0000000000001,uniform_pi_kerr_cancel_N3_T1000ns,D_extended_phase,0.9899780074923961,kerr_cancel,-3.5236570605778904e-19,0.0,-0.0,0,3,0.00042017888264250797,0.0,3.580813965522076e-07,-0.4235495497606778,0.4227091097196336,0.9899780074923961,3.2010310930951333,3.141592653589793
0.9989838781023956,0.000873495157904859,0.04506049597715171,1000.0000000000001,uniform_pi_kerr_cancel_N3_T1000ns,D_extended_phase,0.9979655970109501,kerr_cancel,0.4848105744234125,0.48481057467262983,0.0,1,3,0.0008743834154309888,0.0,5.207227884437885e-07,-0.5111096214485569,0.5093607312307666,0.9979655970109503,3.145185481878582,3.141592653589793
0.9999732809583073,0.0016617646679735968,-0.007118701262630012,1000.0000000000001,uniform_pi_kerr_cancel_N3_T1000ns,D_extended_phase,0.9979734477363174,kerr_cancel,1.1584935063666253,1.1584935052853562,0.18849555921538763,2,3,0.001661807540166115,0.0,0.004049236219862525,-0.0016618046060186131,-0.0016618046060186131,0.9979734477363174,3.0527260977856487,3.141592653589793
-0.9991649086823832,-0.0015350650141051636,0.040830489014058974,1000.0000000000001,uniform_pi_kerr_cancel_N3_T1000ns,D_extended_phase,0.9899737454922408,kerr_cancel,-1.1205458728283886,2.021046788314389,0.5654866776461629,3,3,3.143129000385999,0.0,3.5995674699551077,-0.13719511685093977,0.1416390726475507,0.989973745492241,3.3248046631589165,3.141592653589793
0.9455373822614109,0.29026982110818794,0.1473176489768251,700.0,structured_zero_N3_T700ns,A_naive,0.8917508226437331,zero,0.0,0.0,0.0,0,3,0.29785656099721025,0.0,9.814364960318572e-07,-0.931867223336599,0.3361523592283544,0.8917508226437331,3.040326255283983,3.141592653589793
0.01645275028109536,0.9182886231470787,-0.3955696039976155,700.0,structured_zero_N3_T700ns,A_naive,0.8627747582559425,zero,0.019854860475318797,0.019854851761435918,0.0,1,3,1.5528814907551944,1.5707963267948966,3.3687873031434054e-08,-0.14409181267543136,-0.11363404440094582,0.8627747582559425,2.16809082249841,2.356194490192345
-0.7185981080827365,-0.5748736637193494,-0.3913272669030411,700.0,structured_zero_N3_T700ns,A_naive,0.9091465173216672,zero,0.17203343302383603,0.17203345551313431,0.0,2,3,3.8163295035274256,0.7853981633974483,6.331932425335589e-07,-0.6757436488262125,0.4201935352254922,0.9091465173216672,1.282017699222583,-1.5707963267948966
0.42220434466845513,0.8754492534808044,-0.23522775330088638,700.0,structured_zero_N3_T700ns,A_naive,0.9828564848354635,zero,0.45653388697806846,0.45653397664253365,0.0,3,3,1.1214317294277991,1.0471975511965976,5.73451478352041e-07,0.40553463720802085,-0.6394582368813726,0.9828564848354635,1.0218320887224728,1.0995574287564276
0.9964800245546003,-0.08008407376762011,0.02478107730599356,700.0,structured_zero_N3_T700ns,D_extended_phase,0.9804003580983165,zero,-6.938893903907228e-18,0.0,0.0,0,3,6.202990702245009,0.0,0.0266233778641685,0.08019321445362726,0.08019321445362726,0.9804003580983165,2.916072334859927,3.141592653589793
-0.08494856184408844,0.9702043147754456,-0.22690819604353044,700.0,structured_zero_N3_T700ns,D_extended_phase,0.9493160302465609,zero,0.019854868492980994,0.01985486181402231,0.0,1,3,1.6581309977802092,1.5707963267948966,5.026442501265696e-08,-0.19411219547580316,-0.1121813215456875,0.9493160302465609,2.2852656223218233,2.356194490192345
-0.6830815066837416,-0.6721290589845654,-0.28573096313699026,700.0,structured_zero_N3_T700ns,D_extended_phase,0.9574174920241879,zero,0.17203363518834414,0.1720336412796536,0.0,2,3,3.9189092615926837,0.7853981633974483,1.7286370328982938e-06,-1.062457694207934,0.7744122632633998,0.9574174920241879,1.6131919813097597,-1.5707963267948966
0.4830998859359693,0.8553684159917363,-0.1869742579406094,700.0,structured_zero_N3_T700ns,D_extended_phase,0.9886199407505076,zero,0.4565364509500614,0.45653650264090656,0.0,3,3,1.056672212072759,1.0471975511965976,1.676521996989234e-08,-0.08033721531055926,-0.10153821068192848,0.9886199407505079,1.169285992689485,1.0995574287564276
0.9455373822614109,0.29026982110818794,0.1473176489768251,700.0,structured_quadratic_small_N3_T700ns,A_naive,0.8917508226437331,quadratic_small,0.0,0.0,-0.0,0,3,0.29785656099721025,0.0,9.814364960318572e-07,-0.931867223336599,0.3361523592283544,0.8917508226437331,3.040326255283983,3.141592653589793
0.01645275028109536,0.9182886231470787,-0.3955696039976155,700.0,structured_quadratic_small_N3_T700ns,A_naive,0.8627747582559425,quadratic_small,0.019854860475318797,0.019854851761435918,0.0,1,3,1.5528814907551944,1.5707963267948966,3.3687873031434054e-08,-0.14409181267543136,-0.11363404440094582,0.8627747582559425,2.16809082249841,2.356194490192345
-0.7185981080827365,-0.5748736637193494,-0.3913272669030411,700.0,structured_quadratic_small_N3_T700ns,A_naive,0.9091465173216674,quadratic_small,0.17203343302383603,0.17203345551313431,0.16,2,3,3.8163295035274256,0.7853981633974483,6.331932425335589e-07,-0.6757436488262125,0.4201935352254922,0.9091465173216672,1.282017699222583,-1.5707963267948966
0.42220434466845513,0.8754492534808044,-0.23522775330088638,700.0,structured_quadratic_small_N3_T700ns,A_naive,0.9828564848354633,quadratic_small,0.45653388697806846,0.45653397664253365,0.48,3,3,1.1214317294277991,1.0471975511965976,5.73451478352041e-07,0.40553463720802085,-0.6394582368813726,0.9828564848354635,1.0218320887224728,1.0995574287564276
0.996491636321549,-0.07994633173141213,0.02475889302640323,700.0,structured_quadratic_small_N3_T700ns,D_extended_phase,0.9805082467755519,quadratic_small,-6.93889390390723e-18,0.0,-0.0,0,3,6.203128974187739,0.0,0.02644887575552532,0.08005495733016899,0.08005495733016899,0.9805082467755519,2.9168395787301593,3.141592653589793
-0.08478075901143615,0.9701754453891104,-0.22709431535264424,700.0,structured_quadratic_small_N3_T700ns,D_extended_phase,0.9492621797451711,quadratic_small,0.01985486849274206,0.019854861817496693,0.0,1,3,1.657961935449165,1.5707963267948966,5.0185887800211187e-08,-0.19385636816797192,-0.11227358559721567,0.9492621797451711,2.2849857004913194,2.356194490192345
-0.6833974970431915,-0.6716999194705692,-0.2859844038026057,700.0,structured_quadratic_small_N3_T700ns,D_extended_phase,0.9573646082520162,quadratic_small,0.17203363518777198,0.17203364129499002,0.16,2,3,3.918358753424899,0.7853981633974483,1.0230410159042433e-06,-0.844434352353554,0.5567481672919969,0.957364608252016,1.6125257690329533,-1.5707963267948966
0.4835804267686843,0.855052783292413,-0.18717560906836933,700.0,structured_quadratic_small_N3_T700ns,D_extended_phase,0.9886266980737032,quadratic_small,0.45653645097797363,0.4565365026663389,0.48,3,3,1.0560882536516252,1.0471975511965976,1.6843022329145467e-08,-0.07772086093581754,-0.10392949654692751,0.9886266980737034,1.1686761296555446,1.0995574287564276
0.9455373822614109,0.29026982110818794,0.1473176489768251,700.0,structured_alternating_small_N3_T700ns,A_naive,0.8917508226437331,alternating_small,0.0,0.0,0.0,0,3,0.29785656099721025,0.0,9.814364960318572e-07,-0.931867223336599,0.3361523592283544,0.8917508226437331,3.040326255283983,3.141592653589793
0.01645275028109536,0.9182886231470787,-0.3955696039976155,700.0,structured_alternating_small_N3_T700ns,A_naive,0.8627747582559425,alternating_small,0.019854860475318797,0.019854851761435918,-0.16,1,3,1.5528814907551944,1.5707963267948966,3.3687873031434054e-08,-0.14409181267543136,-0.11363404440094582,0.8627747582559425,2.16809082249841,2.356194490192345
-0.7185981080827365,-0.5748736637193494,-0.3913272669030411,700.0,structured_alternating_small_N3_T700ns,A_naive,0.9091465173216674,alternating_small,0.17203343302383603,0.17203345551313431,0.16,2,3,3.8163295035274256,0.7853981633974483,6.331932425335589e-07,-0.6757436488262125,0.4201935352254922,0.9091465173216672,1.282017699222583,-1.5707963267948966
0.42220434466845513,0.8754492534808044,-0.23522775330088638,700.0,structured_alternating_small_N3_T700ns,A_naive,0.9828564848354635,alternating_small,0.45653388697806846,0.45653397664253365,-0.16,3,3,1.1214317294277991,1.0471975511965976,5.73451478352041e-07,0.40553463720802085,-0.6394582368813726,0.9828564848354635,1.0218320887224728,1.0995574287564276
0.9964387878309952,-0.08058549111584638,0.024813720549624572,700.0,structured_alternating_small_N3_T700ns,D_extended_phase,0.9803081796678247,alternating_small,0.0,0.0,0.0,0,3,6.202487437984629,0.0,0.026648964647795547,0.08069644998654812,0.08069644998654812,0.9803081796678247,2.915972930154005,3.141592653589793
-0.0849140448039621,0.9703088683255349,-0.22647362990831985,700.0,structured_alternating_small_N3_T700ns,D_extended_phase,0.9495338266380025,alternating_small,0.01985486849340591,0.019854861835541932,-0.16,1,3,1.6580863322143884,1.5707963267948966,5.049617430235412e-08,-0.19583636161018791,-0.1102002281780936,0.9495338266380025,2.2872920771142526,2.356194490192345
-0.6838662613731599,-0.6712199109585743,-0.28599085245556505,700.0,structured_alternating_small_N3_T700ns,D_extended_phase,0.9573049137906757,alternating_small,0.17203363519034878,0.17203364126892456,0.16,2,3,3.917658581484808,0.7853981633974483,1.4952103568194423e-06,-0.9962290300630929,0.709038201545404,0.9573049137906755,1.6137961282365654,-1.5707963267948966
0.48283969838517987,0.8554796133218502,-0.1871375345942291,700.0,structured_alternating_small_N3_T700ns,D_extended_phase,0.9885727373580563,alternating_small,0.45653645094690737,0.4565365027686528,-0.16,3,3,1.0569585050751626,1.0471975511965976,1.677076773223406e-08,-0.08231456984008956,-0.09996968222045721,0.9885727373580565,1.1699407987209434,1.0995574287564276
0.9455373822614109,0.29026982110818794,0.1473176489768251,700.0,structured_random_small_N3_T700ns,A_naive,0.8917508226437331,random_small,0.0,0.0,0.0,0,3,0.29785656099721025,0.0,9.814364960318572e-07,-0.931867223336599,0.3361523592283544,0.8917508226437331,3.040326255283983,3.141592653589793
0.01645275028109536,0.9182886231470787,-0.3955696039976155,700.0,structured_random_small_N3_T700ns,A_naive,0.8627747582559425,random_small,0.019854860475318797,0.019854851761435918,-0.028753023595291735,1,3,1.5528814907551944,1.5707963267948966,3.3687873031434054e-08,-0.14409181267543136,-0.11363404440094582,0.8627747582559425,2.16809082249841,2.356194490192345
-0.7185981080827365,-0.5748736637193494,-0.3913272669030411,700.0,structured_random_small_N3_T700ns,A_naive,0.9091465173216672,random_small,0.17203343302383603,0.17203345551313431,0.10157909610334931,2,3,3.8163295035274256,0.7853981633974483,6.331932425335589e-07,-0.6757436488262125,0.4201935352254922,0.9091465173216672,1.282017699222583,-1.5707963267948966
0.42220434466845513,0.8754492534808044,-0.23522775330088638,700.0,structured_random_small_N3_T700ns,A_naive,0.9828564848354637,random_small,0.45653388697806846,0.45653397664253365,-0.057193818272749386,3,3,1.1214317294277991,1.0471975511965976,5.73451478352041e-07,0.40553463720802085,-0.6394582368813726,0.9828564848354635,1.0218320887224728,1.0995574287564276
0.9964748248016884,-0.08014967216782748,0.024778086847741458,700.0,structured_random_small_N3_T700ns,D_extended_phase,0.9804238776264776,random_small,0.0,0.0,0.0,0,3,6.202924877914154,0.0,0.02655468953983212,0.08025903764084363,0.08025903764084363,0.9804238776264776,2.916376546940905,3.141592653589793
-0.08496826838937734,0.9702218945774871,-0.22682563490351418,700.0,structured_random_small_N3_T700ns,D_extended_phase,0.9493615969899748,random_small,0.019854868493170617,0.019854861822917784,-0.028753023595291735,1,3,1.6581495801870272,1.5707963267948966,5.03809492131625e-08,-0.1947931762029138,-0.11151830981048061,0.9493615969899746,2.2859872021073913,2.356194490192345
-0.6833293152986064,-0.6718277069834555,-0.2858471251961265,700.0,structured_random_small_N3_T700ns,D_extended_phase,0.9573662038138419,random_small,0.1720336351892513,0.17203364127317924,0.10157909610334931,2,3,3.9185037324879644,0.7853981633974483,1.7297334474678125e-06,-1.0626614065345956,0.7748414676578155,0.9573662038138419,1.6135219354852093,-1.5707963267948966
0.48293563674532364,0.8554433168724533,-0.18705588036638734,700.0,structured_random_small_N3_T700ns,D_extended_phase,0.9885954625615803,random_small,0.45653645095366074,0.4565365027089109,-0.057193818272749386,3,3,1.0568552934557804,1.0471975511965976,1.6767355161819687e-08,-0.08143064399396938,-0.100674042888933,0.9885954625615805,1.1696298207412912,1.0995574287564276
0.46717739962087673,0.013193780594642792,0.88406515678263,700.0,uniform_pi_zero_N3_T700ns_kerr0,A_naive,0.21678852804493057,zero,6.938893903907228e-18,0.0,0.0,0,3,0.02823397403119171,0.0,6.165604198632832e-07,-0.5827454822472955,0.5262775424945456,0.21678852804493057,2.9774839880748387,3.141592653589793
0.9585927142889882,0.02209251174910598,0.2839223996740763,700.0,uniform_pi_zero_N3_T700ns_kerr0,A_naive,0.8227186206392887,zero,0.019854868883962148,0.019854880325283722,0.0,1,3,0.023042738739731953,0.0,1.0778115328186643e-07,-0.2540397613810761,0.2079540016536412,0.8227186206392889,3.80050311485089,3.141592653589793
0.9526696513068619,0.03481179280212781,-0.302007739239848,700.0,uniform_pi_zero_N3_T700ns_kerr0,A_naive,0.8220625610510625,zero,0.039709724200314815,0.03970978448266014,0.0,2,3,0.03652505441929032,0.0,3.02898455680809e-08,0.08098963054216934,-0.15404011577440935,0.8220625610510625,3.7655893659149084,3.141592653589793
0.4698249892202689,0.014723560847317982,-0.8826367861471384,700.0,uniform_pi_zero_N3_T700ns_kerr0,A_naive,0.21675577301142734,zero,0.05956472349597238,0.05956564732370368,0.0,3,3,0.031328141424786404,0.0,3.9098869317463766e-07,0.409705795257739,-0.4723630918665842,0.21675577301142734,2.872243200853319,3.141592653589793
0.8546143085990086,-0.04740967049231846,0.517094485255498,700.0,uniform_pi_zero_N3_T700ns_kerr0,D_extended_phase,0.72378983275047,zero,3.469446951953614e-18,0.0,0.0,0,3,6.2277671779663315,0.0,6.890852159128156e-07,-0.5289373095757925,0.639773689787889,0.72378983275047,2.9515342314606956,3.141592653589793
0.9979333270549711,0.042421816484659224,-0.04826452360831916,700.0,uniform_pi_zero_N3_T700ns_kerr0,D_extended_phase,0.8154559983652443,zero,0.01985486753215637,0.019854870325310033,0.0,1,3,0.04248409178484978,0.0,0.3846336905488956,-0.042482052180719876,-0.042482052180719876,0.8154559983652442,2.2622713603047773,3.141592653589793
0.9955084394107371,0.05623479107545092,0.07616163952213222,700.0,uniform_pi_zero_N3_T700ns_kerr0,D_extended_phase,0.8145791778472038,zero,0.039709722706949904,0.03970972129685824,0.0,2,3,0.056428543380963536,0.0,0.38408294716805164,-0.056423816091554446,-0.056423816091554446,0.8145791778472036,2.270371348992341,3.141592653589793
0.8578814677058912,-0.016211551858100467,-0.5135918349751464,700.0,uniform_pi_zero_N3_T700ns_kerr0,D_extended_phase,0.7237898355159056,zero,0.05956447079763704,0.05956449027110406,0.0,3,3,6.264290362894781,0.0,4.476382862434778e-07,0.49159124019739053,-0.4538057493470724,0.7237898355159058,2.8836877598329,3.141592653589793
-0.9366150027923373,0.020524669357453,-0.3497585945935813,700.0,uniform_pi_zero_N3_T700ns_chi_low,D_extended_phase,0.771894599859112,zero,5.204170427930421e-18,3.141592653589793,0.0,0,3,3.1196824932070335,0.0,0.0007611490930043468,-3.141592653589793,-3.141592653589793,0.771894599859112,2.433817179186155,3.141592653589793
-0.9849295302273746,0.0029764452000582207,0.17293050991671244,700.0,uniform_pi_zero_N3_T700ns_chi_low,D_extended_phase,0.7825202711310317,zero,0.959354432291032,-2.182238229465646,0.0,1,3,3.1385706748105466,0.0,0.4615964733790061,-3.1385671198732954,-3.1385671198732954,0.7825202711310315,2.2310288935993325,3.141592653589793
-0.974119832345983,-0.004354684532062175,-0.22599024083543987,700.0,uniform_pi_zero_N3_T700ns_chi_low,D_extended_phase,0.7678334856888902,zero,-1.0905599678473976,2.0510326686596225,0.0,2,3,3.1460630024928666,0.0,0.06486181764336378,2.9431346030014076,-3.141592653589793,0.7678334856888901,2.2374373155115306,3.141592653589793
-0.9949699181429476,0.010957999870944975,-0.09957300954297071,700.0,uniform_pi_zero_N3_T700ns_chi_low,D_extended_phase,0.9373133516051468,zero,0.13344156102623833,-3.008151102353106,0.0,3,3,3.130579700681969,0.0,0.1271850286776526,-3.130576461582078,-3.130576461582078,0.9373133516051468,2.6761677254577436,3.141592653589793
-0.9853830347292795,-0.007642663640266047,-0.17018185731798055,700.0,uniform_pi_zero_N3_T700ns_chi_high,D_extended_phase,0.9334244976575047,zero,-3.0357660829594124e-18,3.141592653589793,0.0,0,3,3.149348531381084,0.0,0.13534747768539446,3.133833524878689,3.133833524878689,0.9334244976575047,2.7456793793390877,3.141592653589793
-0.9995329657950893,-0.027416061513356186,0.013498513250301627,700.0,uniform_pi_zero_N3_T700ns_chi_high,D_extended_phase,0.9641085320945328,zero,-0.9196447002436576,2.2219479603330967,0.0,1,3,3.169014649787917,0.0,0.07098100158631267,3.1141673363764237,3.1141673363764237,0.9641085320945325,2.7652622504502284,3.141592653589793
0.9437137265693857,-0.018919834216508228,0.33022180751389296,700.0,uniform_pi_zero_N3_T700ns_chi_high,D_extended_phase,0.8549669497345782,zero,1.4346271414096483,1.4346270827008702,0.0,2,3,6.263139715537546,0.0,1.0037615861407898e-06,-0.6881055019845652,0.7281975685282434,0.854966949734578,2.738850419869267,3.141592653589793
0.8921884050926615,-0.012418585987639905,-0.45149266720543807,700.0,uniform_pi_zero_N3_T700ns_chi_high,D_extended_phase,0.7762756384143057,zero,0.7796309728584486,0.7796313620451208,0.0,3,3,6.26926696437687,0.0,4.8684054866554805e-08,0.1693007912084603,-0.14146523197466987,0.7762756384143057,2.8254659723771076,3.141592653589793
