run_id,iteration,timestamp,objective_total,backend,progress_schema_version,objective_terms.infidelity,objective_terms.leakage,objective_terms.time_reg,objective_terms.grid_penalty,objective_terms.constraint_penalty,metrics.fidelity_subspace,metrics.leakage_avg,metrics.leakage_worst,best_so_far.objective_total,best_so_far.iteration,params_summary.max_amp,params_summary.max_detuning,params_summary.times.SQR,solver_stats.n_steps,solver_stats.dt,solver_stats.solver_time_sec
gate_02_T0750ns_sigma0p16_start00,0,1772948302.1578927,0.09967926560501848,pulse,1,0.09943457350483753,0.0002446921001809463,0.0,0.0,0.0,0.9005654264951625,0.002446921001809463,0.002446921001809463,0.09967926560501848,0,13725996.950006567,54324420.165874705,7.5e-07,751,1e-09,0.0
gate_02_T0750ns_sigma0p16_start00,1,1772948302.1920745,0.10605002498122808,pulse,1,0.10580149770003722,0.0002485133491683666,1.3932022500210316e-08,0.0,0.0,0.8941985022999628,0.002485133491683666,0.002485133491683666,0.09967926560501848,0,13973206.75796028,54324420.165874705,7.5e-07,751,1e-09,0.0
gate_02_T0750ns_sigma0p16_start00,2,1772948302.2258813,0.0942090445096463,pulse,1,0.09396819365636389,0.00024083692125992067,1.393202250021029e-08,0.0,0.0,0.9060318063436361,0.0024083692125992065,0.0024083692125992065,0.0942090445096463,2,13478787.142052853,54324420.165874705,7.5e-07,751,1e-09,0.0
gate_02_T0750ns_sigma0p16_start00,3,1772948302.262235,0.08868833719113135,pulse,1,0.08845224873724578,0.0002360187937730757,6.966011250105149e-08,0.0,0.0,0.9115477512627542,0.002360187937730757,0.002360187937730757,0.08868833719113135,3,13173219.014717396,54324420.165874705,7.5e-07,751,1e-09,0.0
gate_02_T0750ns_sigma0p16_start00,4,1772948302.297916,0.08595937269252377,pulse,1,0.08572622984545664,0.00023301745886462771,1.253882025018927e-07,0.0,0.0,0.9142737701545434,0.002330174588646277,0.002330174588646277,0.08595937269252377,4,12984367.526145427,54324420.165874705,7.5e-07,751,1e-09,0.0
gate_02_T0750ns_sigma0p16_start00,5,1772948302.3338654,0.08453043721862025,pulse,1,0.0842991159871338,0.00023115327081143686,1.6796067500630906e-07,0.0,0.0,0.9157008840128662,0.0023115327081143686,0.0023115327081143686,0.08453043721862025,5,12867650.887381937,54324420.165874705,7.5e-07,751,1e-09,0.0
gate_02_T0750ns_sigma0p16_start00,6,1772948302.3704293,0.08374459510443032,pulse,1,0.08351440255499942,0.00022999517190087947,1.9737753001430064e-07,0.0,0.0,0.9164855974450006,0.0022999517190087945,0.0022999517190087945,0.08374459510443032,6,12795516.037573459,54324420.165874705,7.5e-07,751,1e-09,0.0
gate_02_T0750ns_sigma0p16_start00,7,1772948302.4042492,0.0832965084119824,pulse,1,0.0830670129625728,0.0002292787050220698,2.167443875410092e-07,0.0,0.0,0.9169329870374272,0.002292787050220698,0.002292787050220698,0.0832965084119824,7,12750934.248618448,54324420.165874705,7.5e-07,751,1e-09,0.0
gate_02_T0750ns_sigma0p16_start00,8,1772948302.4387534,0.08303428961137595,pulse,1,0.0828052235629344,0.0002288368815739357,2.2916686760157667e-07,0.0,0.0,0.9171947764370656,0.002288368815739357,0.002288368815739357,0.08303428961137595,8,12723381.187764978,54324420.165874705,7.5e-07,751,1e-09,0.0
gate_02_T0750ns_sigma0p16_start00,9,1772948302.472306,0.08287728157906388,pulse,1,0.08264847883423532,0.0002285657273757869,2.370174527752874e-07,0.0,0.0,0.9173515211657647,0.0022856572737578688,0.0022856572737578688,0.08287728157906388,9,12706352.45966344,54324420.165874705,7.5e-07,751,1e-09,0.0
gate_02_T0750ns_sigma0p16_start00,10,1772948302.506344,0.0827823057631714,pulse,1,0.08255366774257156,0.00022839608511164745,2.419354882055686e-07,0.0,0.0,0.9174463322574284,0.0022839608511164744,0.0022839608511164744,0.0827823057631714,10,12695828.126911508,54324420.165874705,7.5e-07,751,1e-09,0.0
gate_02_T0750ns_sigma0p16_start00,11,1772948302.5402968,0.0827243910173389,pulse,1,0.08249585748525434,0.0002282885318326817,2.45000251871702e-07,0.0,0.0,0.9175041425147457,0.002282885318326817,0.002282885318326817,0.0827243910173389,11,12689323.731561901,54324420.165874705,7.5e-07,751,1e-09,0.0
gate_02_T0750ns_sigma0p16_start00,12,1772948302.576563,0.08268890678239618,pulse,1,0.08246042874225146,0.00022823113611986713,2.469040248605366e-07,0.0,0.0,0.9175395712577485,0.002282311361198671,0.002282311361198671,0.08268890678239618,12,12685303.794159576,54324420.165874705,7.5e-07,751,1e-09,0.0
gate_02_T0750ns_sigma0p16_start00,13,1772948302.6130185,0.0826670755865006,pulse,1,0.08243864715076743,0.0002281803514278767,2.4808430528919233e-07,0.0,0.0,0.9175613528492326,0.002281803514278767,0.002281803514278767,0.0826670755865006,13,12682819.336212294,54324420.165874705,7.5e-07,751,1e-09,0.0
gate_02_T0750ns_sigma0p16_start00,14,1772948302.652077,0.08265363401188337,pulse,1,0.08242522913947625,0.00022815605724124167,2.488151658787551e-07,0.0,0.0,0.9175747708605237,0.0022815605724124167,0.0022815605724124167,0.08265363401188337,14,12681283.856757253,54324420.165874705,7.5e-07,751,1e-09,0.0
gate_02_T0750ns_sigma0p16_start00,15,1772948302.6897898,0.08264535348471241,pulse,1,0.08241695306030272,0.00022815115700963335,2.4926740005464247e-07,0.0,0.0,0.9175830469396973,0.0022815115700963334,0.0022815115700963334,0.08264535348471241,15,12680334.87826501,54324420.165874705,7.5e-07,751,1e-09,0.0
gate_02_T0750ns_sigma0p16_start00,16,1772948302.7272286,0.08264022859645467,pulse,1,0.0824118445458768,0.00022813450347641242,2.495471014493175e-07,0.0,0.0,0.9175881554541232,0.002281345034764124,0.002281345034764124,0.08264022859645467,16,12679748.37730221,54324420.165874705,7.5e-07,751,1e-09,0.0
gate_02_T0750ns_sigma0p16_start00,17,1772948302.8693783,0.08263706662445626,pulse,1,0.08240868975005666,0.00022812715435475896,2.497200448367345e-07,0.0,0.0,0.9175913102499433,0.0022812715435475894,0.0022812715435475894,0.08263706662445626,17,12679385.899772767,54324420.165874705,7.5e-07,751,1e-09,0.0
gate_02_T0750ns_sigma0p16_start00,18,1772948302.9054046,0.08263511341608637,pulse,1,0.08240674091052624,0.00022812267860044521,2.4982695968160677e-07,0.0,0.0,0.9175932590894738,0.002281226786004452,0.002281226786004452,0.08263511341608637,18,12679161.876339413,54324420.165874705,7.5e-07,751,1e-09,0.0
gate_02_T0750ns_sigma0p16_start00,19,1772948302.939678,0.08263390678624781,pulse,1,0.08240553681267881,0.00022812008052086738,2.498930481307894e-07,0.0,0.0,0.9175944631873212,0.0022812008052086738,0.0022812008052086738,0.08263390678624781,19,12679023.422243323,54324420.165874705,7.5e-07,751,1e-09,0.0
gate_02_T0750ns_sigma0p16_start00,20,1772948302.9739375,0.08263316065690843,pulse,1,0.08240479277658475,0.00022811794642627195,2.4993389740877843e-07,0.0,0.0,0.9175952072234153,0.0022811794642627193,0.0022811794642627193,0.08263316065690843,20,12678937.85290606,54324420.165874705,7.5e-07,751,1e-09,0.0
gate_02_T0750ns_sigma0p16_start00,21,1772948303.0144892,0.1788062847703799,pulse,1,0.17857736687585501,0.00022811794642516866,7.99948099745385e-07,0.0,0.0,0.821422633124145,0.0022811794642516865,0.0022811794642516865,0.08263316065690843,20,12678937.85290606,54324420.165874705,7.5e-07,751,1e-09,0.0
gate_02_T0750ns_sigma0p16_start00,22,1772948303.0478253,0.17880628477030724,pulse,1,0.1785773668757814,0.00022811794642610829,7.999480997453844e-07,0.0,0.0,0.8214226331242186,0.0022811794642610826,0.0022811794642610826,0.08263316065690843,20,12678937.85290606,54324420.165874705,7.5e-07,751,1e-09,0.0
gate_02_T0750ns_sigma0p16_start00,23,1772948303.0815163,0.3248782684649446,pulse,1,0.3246471505136088,0.00022811794642669159,3.0000049090918086e-06,0.0,0.0,0.6753528494863912,0.0022811794642669156,0.0022811794642669156,0.08263316065690843,20,12678937.85290606,54324420.165874705,7.5e-07,751,1e-09,0.0
gate_02_T0750ns_sigma0p16_start00,24,1772948303.1208136,0.08263316065915392,pulse,1,0.08240479277882962,0.00022811794642688986,2.4993389740877843e-07,0.0,0.0,0.9175952072211704,0.0022811794642688984,0.0022811794642688984,0.08263316065690843,20,12678937.85290606,54324420.165874705,7.5e-07,751,1e-09,0.0
gate_02_T0750ns_sigma0p16_start00,25,1772948303.1598868,0.08263316088530272,pulse,1,0.08240479300497883,0.00022811794642536455,2.499338985198895e-07,0.0,0.0,0.9175952069950212,0.0022811794642536454,0.0022811794642536454,0.08263316065690843,20,12678937.85290606,54324420.165874705,7.5e-07,751,1e-09,0.0
gate_02_T0750ns_sigma0p16_start00,26,1772948303.1988702,0.08263316088580919,pulse,1,0.08240479300548398,0.00022811794642668316,2.4993389851988957e-07,0.0,0.0,0.917595206994516,0.0022811794642668315,0.0022811794642668315,0.08263316065690843,20,12678937.85290606,54324420.165874705,7.5e-07,751,1e-09,0.0
gate_02_T0750ns_sigma0p16_start00,27,1772948303.2331457,0.30927995903940747,pulse,1,0.30907198872496244,0.00019892015331022958,9.05016113479449e-06,0.0,0.0,0.6909280112750376,0.0019892015331022957,0.0019892015331022957,0.08263316065690843,20,12678937.85290606,54324420.165874705,7.5e-07,751,1e-09,0.0
gate_02_T0750ns_sigma0p16_start00,28,1772948303.2676456,0.261927911115302,pulse,1,0.2619125203950472,6.340559120024258e-06,9.050161134794464e-06,0.0,0.0,0.7380874796049528,6.340559120024258e-05,6.340559120024258e-05,0.08263316065690843,20,12678937.85290606,54324420.165874705,7.5e-07,751,1e-09,0.0
gate_02_T0750ns_sigma0p16_start00,29,1772948303.3120186,0.2194357761338541,pulse,1,0.21916543691583312,0.00022608814793661158,4.4251070084337246e-05,0.0,0.0,0.7808345630841669,0.0022608814793661156,0.0022608814793661156,0.08263316065690843,20,12678937.85290606,54324420.165874705,7.5e-07,751,1e-09,0.0
gate_02_T0750ns_sigma0p16_start00,30,1772948303.3513787,0.1923895255225384,pulse,1,0.19212977319529656,0.00018030034820795926,7.945197903388007e-05,0.0,0.0,0.8078702268047034,0.0018030034820795925,0.0018030034820795925,0.08263316065690843,20,12678937.85290606,54324420.165874705,7.5e-07,751,1e-09,0.0
gate_02_T0750ns_sigma0p16_start00,31,1772948303.3908093,0.21928807593075442,pulse,1,0.21909557502885413,8.615782129872011e-05,0.00010634308060155005,0.0,0.0,0.7809044249711459,0.000861578212987201,0.000861578212987201,0.08263316065690843,20,12678937.85290606,54324420.165874705,7.5e-07,751,1e-09,0.0
gate_02_T0750ns_sigma0p16_start00,32,1772948303.427106,0.1882033371097592,pulse,1,0.18793056459930113,0.0002007966579826519,7.197585247541177e-05,0.0,0.0,0.8120694354006989,0.0020079665798265187,0.0020079665798265187,0.08263316065690843,20,12678937.85290606,54324420.165874705,7.5e-07,751,1e-09,0.0
gate_02_T0750ns_sigma0p16_start00,33,1772948303.4695065,0.18988005535156627,pulse,1,0.18959649928108757,0.00022296571275574312,6.059035772296626e-05,0.0,0.0,0.8104035007189124,0.002229657127557431,0.002229657127557431,0.08263316065690843,20,12678937.85290606,54324420.165874705,7.5e-07,751,1e-09,0.0
gate_02_T0750ns_sigma0p16_start00,34,1772948303.5060952,0.18745580436586168,pulse,1,0.1871778321676627,0.00020998645741349391,6.798574078547652e-05,0.0,0.0,0.8128221678323373,0.002099864574134939,0.002099864574134939,0.08263316065690843,20,12678937.85290606,54324420.165874705,7.5e-07,751,1e-09,0.0
gate_02_T0750ns_sigma0p16_start00,35,1772948303.5420263,0.18745214615705352,pulse,1,0.18717397146626125,0.00021037869090580303,6.779599988645273e-05,0.0,0.0,0.8128260285337388,0.00210378690905803,0.00210378690905803,0.08263316065690843,20,12678937.85290606,54324420.165874705,7.5e-07,751,1e-09,0.0
gate_02_T0750ns_sigma0p16_start00,36,1772948303.578173,0.18745144663563978,pulse,1,0.18717312078458948,0.00021066718684207162,6.765866420824485e-05,0.0,0.0,0.8128268792154105,0.002106671868420716,0.002106671868420716,0.08263316065690843,20,12678937.85290606,54324420.165874705,7.5e-07,751,1e-09,0.0
gate_02_T0750ns_sigma0p16_start00,37,1772948303.615899,0.1874514436068114,pulse,1,0.18717312746454273,0.00021064739407047068,6.766874819819249e-05,0.0,0.0,0.8128268725354573,0.0021064739407047066,0.0021064739407047066,0.08263316065690843,20,12678937.85290606,54324420.165874705,7.5e-07,751,1e-09,0.0
gate_02_T0750ns_sigma0p16_start00,38,1772948303.6517127,0.18745144388224175,pulse,1,0.18717312590737423,0.00021065072906088992,6.766724580661538e-05,0.0,0.0,0.8128268740926258,0.002106507290608899,0.002106507290608899,0.08263316065690843,20,12678937.85290606,54324420.165874705,7.5e-07,751,1e-09,0.0
gate_02_T0750ns_sigma0p16_start00,39,1772948303.6898847,0.18745154536473088,pulse,1,0.18717328371912878,0.0002105443057457686,6.771733985634333e-05,0.0,0.0,0.8128267162808712,0.002105443057457686,0.002105443057457686,0.08263316065690843,20,12678937.85290606,54324420.165874705,7.5e-07,751,1e-09,0.0
gate_02_T0750ns_sigma0p16_start00,40,1772948303.723008,0.18745144502918362,pulse,1,0.18717313559796311,0.0002106347118244206,6.767471939609344e-05,0.0,0.0,0.8128268644020369,0.002106347118244206,0.002106347118244206,0.08263316065690843,20,12678937.85290606,54324420.165874705,7.5e-07,751,1e-09,0.0
gate_02_T0750ns_sigma0p16_start00,41,1772948303.760445,0.18745144355099955,pulse,1,0.18717312846080936,0.00021064546808253457,6.766962210766365e-05,0.0,0.0,0.8128268715391906,0.0021064546808253455,0.0021064546808253455,0.08263316065690843,20,12678937.85290606,54324420.165874705,7.5e-07,751,1e-09,0.0
gate_02_T0750ns_sigma0p16_start00,42,1772948303.7962375,0.18745144355015786,pulse,1,0.1871731286960665,0.00021064503374561622,6.766982034573979e-05,0.0,0.0,0.8128268713039335,0.002106450337456162,0.002106450337456162,0.08263316065690843,20,12678937.85290606,54324420.165874705,7.5e-07,751,1e-09,0.0
gate_02_T0750ns_sigma0p16_start00,43,1772948303.8340425,0.18745144354992416,pulse,1,0.18717312862337832,0.00021064516714154418,6.766975940431036e-05,0.0,0.0,0.8128268713766217,0.0021064516714154415,0.0021064516714154415,0.08263316065690843,20,12678937.85290606,54324420.165874705,7.5e-07,751,1e-09,0.0
gate_02_T0750ns_sigma0p16_start00,44,1772948303.86833,0.18745144354991608,pulse,1,0.18717312862087365,0.00021064517174587883,6.766975729654609e-05,0.0,0.0,0.8128268713791263,0.002106451717458788,0.002106451717458788,0.08263316065690843,20,12678937.85290606,54324420.165874705,7.5e-07,751,1e-09,0.0
gate_02_T0750ns_sigma0p16_start00,45,1772948303.903828,0.18745144355008797,pulse,1,0.1871731285595456,0.0002106452848834011,6.76697056589719e-05,0.0,0.0,0.8128268714404544,0.002106452848834011,0.002106452848834011,0.08263316065690843,20,12678937.85290606,54324420.165874705,7.5e-07,751,1e-09,0.0
gate_02_T0750ns_sigma0p16_start00,46,1772948303.9402866,0.18745144354993096,pulse,1,0.18717312860501933,0.0002106452009416966,6.766974396993142e-05,0.0,0.0,0.8128268713949807,0.002106452009416966,0.002106452009416966,0.08263316065690843,20,12678937.85290606,54324420.165874705,7.5e-07,751,1e-09,0.0
gate_02_T0750ns_sigma0p16_start00,47,1772948303.9765935,0.18745144354990717,pulse,1,0.1871731286150159,0.0002106451825170301,6.766975237423722e-05,0.0,0.0,0.8128268713849841,0.002106451825170301,0.002106451825170301,0.08263316065690843,20,12678937.85290606,54324420.165874705,7.5e-07,751,1e-09,0.0
gate_02_T0750ns_sigma0p16_start00,48,1772948304.010855,0.18745144354992443,pulse,1,0.18717312861263513,0.00021064518691560818,6.766975037369481e-05,0.0,0.0,0.8128268713873649,0.002106451869156082,0.002106451869156082,0.08263316065690843,20,12678937.85290606,54324420.165874705,7.5e-07,751,1e-09,0.0
gate_02_T0750ns_sigma0p16_start00,49,1772948304.0474849,0.1874514435499453,pulse,1,0.18717312861739688,0.00021064517817365302,6.766975437477966e-05,0.0,0.0,0.8128268713826031,0.00210645178173653,0.00210645178173653,0.08263316065690843,20,12678937.85290606,54324420.165874705,7.5e-07,751,1e-09,0.0
gate_02_T0750ns_sigma0p16_start00,50,1772948304.0811415,0.18719439182265418,pulse,1,0.18691818046593955,0.00020852767231788685,6.768368439673743e-05,0.0,0.0,0.8130818195340604,0.0020852767231788684,0.0020852767231788684,0.08263316065690843,20,12678937.85290606,54324420.165874705,7.5e-07,751,1e-09,0.0
gate_02_T0750ns_sigma0p16_start00,51,1772948304.1134691,0.18826648137279042,pulse,1,0.1879861608551172,0.000212636833276456,6.768368439673743e-05,0.0,0.0,0.8120138391448828,0.00212636833276456,0.00212636833276456,0.08263316065690843,20,12678937.85290606,54324420.165874705,7.5e-07,751,1e-09,0.0
gate_02_T0750ns_sigma0p16_start00,52,1772948304.1499522,0.18764543089548297,pulse,1,0.18737196897432318,0.00020572250867305266,6.773941248673827e-05,0.0,0.0,0.8126280310256768,0.0020572250867305266,0.0020572250867305266,0.08263316065690843,20,12678937.85290606,54324420.165874705,7.5e-07,751,1e-09,0.0
gate_02_T0750ns_sigma0p16_start00,53,1772948304.1893523,0.1871939671044148,pulse,1,0.18691767708435603,0.00020860735558386474,6.768266447489996e-05,0.0,0.0,0.813082322915644,0.002086073555838647,0.002086073555838647,0.08263316065690843,20,12678937.85290606,54324420.165874705,7.5e-07,751,1e-09,0.0
gate_02_T0750ns_sigma0p16_start00,54,1772948304.2282894,0.18719396629803703,pulse,1,0.18691767226117162,0.00020861142219344276,6.768261467197186e-05,0.0,0.0,0.8130823277388284,0.0020861142219344275,0.0020861142219344275,0.08263316065690843,20,12678937.85290606,54324420.165874705,7.5e-07,751,1e-09,0.0
gate_02_T0750ns_sigma0p16_start00,55,1772948304.2647178,0.18719396629578203,pulse,1,0.18691767286987948,0.00020861080366827044,6.768262223426934e-05,0.0,0.0,0.8130823271301205,0.0020861080366827043,0.0020861080366827043,0.08263316065690843,20,12678937.85290606,54324420.165874705,7.5e-07,751,1e-09,0.0
gate_02_T0750ns_sigma0p16_start00,56,1772948304.2990685,0.18719396655945078,pulse,1,0.18691767374431523,0.00020861018533677484,6.768262979878938e-05,0.0,0.0,0.8130823262556848,0.0020861018533677484,0.0020861018533677484,0.08263316065690843,20,12678937.85290606,54324420.165874705,7.5e-07,751,1e-09,0.0
gate_02_T0750ns_sigma0p16_start00,57,1772948304.335915,0.1866871384281993,pulse,1,0.18641343352738282,0.00020547226437988726,6.823263643660595e-05,0.0,0.0,0.8135865664726172,0.0020547226437988724,0.0020547226437988724,0.08263316065690843,20,12678937.85290606,54324420.165874705,7.5e-07,751,1e-09,0.0
gate_02_T0750ns_sigma0p16_start00,58,1772948304.369571,0.18797230232811216,pulse,1,0.18769113211422206,0.00021293757745350912,6.823263643660594e-05,0.0,0.0,0.8123088678857779,0.002129375774535091,0.002129375774535091,0.08263316065690843,20,12678937.85290606,54324420.165874705,7.5e-07,751,1e-09,0.0
gate_02_T0750ns_sigma0p16_start00,59,1772948304.4022982,0.18681015408715865,pulse,1,0.1865344121937954,0.00020530920011729172,7.043269324595238e-05,0.0,0.0,0.8134655878062046,0.002053092001172917,0.002053092001172917,0.08263316065690843,20,12678937.85290606,54324420.165874705,7.5e-07,751,1e-09,0.0
gate_02_T0750ns_sigma0p16_start00,60,1772948304.436245,0.18662917902548412,pulse,1,0.18635549444803012,0.00020492232004702953,6.876225740694357e-05,0.0,0.0,0.8136445055519699,0.002049223200470295,0.002049223200470295,0.08263316065690843,20,12678937.85290606,54324420.165874705,7.5e-07,751,1e-09,0.0
gate_02_T0750ns_sigma0p16_start00,61,1772948304.471484,0.18662860896980152,pulse,1,0.18635488344118856,0.00020489005424835407,6.883547436462707e-05,0.0,0.0,0.8136451165588114,0.0020489005424835405,0.0020489005424835405,0.08263316065690843,20,12678937.85290606,54324420.165874705,7.5e-07,751,1e-09,0.0
gate_02_T0750ns_sigma0p16_start00,62,1772948304.6121967,0.18662860617408425,pulse,1,0.18635488349930884,0.00020489153214250694,6.883114263289541e-05,0.0,0.0,0.8136451165006912,0.0020489153214250694,0.0020489153214250694,0.08263316065690843,20,12678937.85290606,54324420.165874705,7.5e-07,751,1e-09,0.0
gate_02_T0750ns_sigma0p16_start00,63,1772948304.6483939,0.18662860612784424,pulse,1,0.18635488382260856,0.00020489171416941877,6.883059106624138e-05,0.0,0.0,0.8136451161773914,0.0020489171416941876,0.0020489171416941876,0.08263316065690843,20,12678937.85290606,54324420.165874705,7.5e-07,751,1e-09,0.0
gate_02_T0750ns_sigma0p16_start00,64,1772948304.6837335,0.18662860612695326,pulse,1,0.1863548838807494,0.00020489174305636572,6.883050314749704e-05,0.0,0.0,0.8136451161192506,0.002048917430563657,0.002048917430563657,0.08263316065690843,20,12678937.85290606,54324420.165874705,7.5e-07,751,1e-09,0.0
gate_02_T0750ns_sigma0p16_start00,65,1772948304.719553,0.18662860612753845,pulse,1,0.18635488392934696,0.0002048917665030621,6.883043168842126e-05,0.0,0.0,0.813645116070653,0.0020489176650306208,0.0020489176650306208,0.08263316065690843,20,12678937.85290606,54324420.165874705,7.5e-07,751,1e-09,0.0
gate_02_T0750ns_sigma0p16_start00,66,1772948304.7545853,0.18733347415456025,pulse,1,0.18704649282180053,0.0002093506023748427,7.763073038488276e-05,0.0,0.0,0.8129535071781995,0.002093506023748427,0.002093506023748427,0.08263316065690843,20,12678937.85290606,54324420.165874705,7.5e-07,751,1e-09,0.0
gate_02_T0750ns_sigma0p16_start00,67,1772948304.7885585,0.18705899966405568,pulse,1,0.18677166538816237,0.00020970354550842952,7.763073038488273e-05,0.0,0.0,0.8132283346118376,0.002097035455084295,0.002097035455084295,0.08263316065690843,20,12678937.85290606,54324420.165874705,7.5e-07,751,1e-09,0.0
gate_02_T0750ns_sigma0p16_start00,68,1772948304.8246393,0.18852282795771425,pulse,1,0.1882029062421009,0.00020709007627891558,0.00011283163933442552,0.0,0.0,0.8117970937578991,0.0020709007627891557,0.0020709007627891557,0.08263316065690843,20,12678937.85290606,54324420.165874705,7.5e-07,751,1e-09,0.0
gate_02_T0750ns_sigma0p16_start00,69,1772948304.858803,0.18659831135527977,pulse,1,0.1863240750642735,0.00020515731478405806,6.907897622217972e-05,0.0,0.0,0.8136759249357265,0.0020515731478405806,0.0020515731478405806,0.08263316065690843,20,12678937.85290606,54324420.165874705,7.5e-07,751,1e-09,0.0
gate_02_T0750ns_sigma0p16_start00,70,1772948304.8944647,0.1866035519303281,pulse,1,0.1863295713618146,0.00020503166081843033,6.894890769507541e-05,0.0,0.0,0.8136704286381854,0.002050316608184303,0.002050316608184303,0.08263316065690843,20,12678937.85290606,54324420.165874705,7.5e-07,751,1e-09,0.0
gate_02_T0750ns_sigma0p16_start00,71,1772948304.9284823,0.18659690670875628,pulse,1,0.1863224025647655,0.00020528544016269512,6.92187038280975e-05,0.0,0.0,0.8136775974352345,0.002052854401626951,0.002052854401626951,0.08263316065690843,20,12678937.85290606,54324420.165874705,7.5e-07,751,1e-09,0.0
gate_02_T0750ns_sigma0p16_start00,72,1772948304.963399,0.1865969014209934,pulse,1,0.18632238299311055,0.0002052908729617836,6.92275549210707e-05,0.0,0.0,0.8136776170068895,0.0020529087296178358,0.0020529087296178358,0.08263316065690843,20,12678937.85290606,54324420.165874705,7.5e-07,751,1e-09,0.0
gate_02_T0750ns_sigma0p16_start00,73,1772948304.9989738,0.18659690366526868,pulse,1,0.18632238057548012,0.00020529408369129046,6.922900609726969e-05,0.0,0.0,0.8136776194245199,0.0020529408369129045,0.0020529408369129045,0.08263316065690843,20,12678937.85290606,54324420.165874705,7.5e-07,751,1e-09,0.0
gate_02_T0750ns_sigma0p16_start00,74,1772948305.0330641,0.1865969010856448,pulse,1,0.18632238871190054,0.00020528782822997052,6.922454551426696e-05,0.0,0.0,0.8136776112880995,0.002052878282299705,0.002052878282299705,0.08263316065690843,20,12678937.85290606,54324420.165874705,7.5e-07,751,1e-09,0.0
gate_02_T0750ns_sigma0p16_start00,75,1772948305.0673351,0.18659690243857682,pulse,1,0.1863223935832814,0.00020528654625602273,6.922230903940567e-05,0.0,0.0,0.8136776064167186,0.002052865462560227,0.002052865462560227,0.08263316065690843,20,12678937.85290606,54324420.165874705,7.5e-07,751,1e-09,0.0
gate_02_T0750ns_sigma0p16_start00,76,1772948305.1022692,0.18659690079871394,pulse,1,0.1863223865231235,0.00020528863643041139,6.922563916003157e-05,0.0,0.0,0.8136776134768765,0.0020528863643041136,0.0020528863643041136,0.08263316065690843,20,12678937.85290606,54324420.165874705,7.5e-07,751,1e-09,0.0
gate_02_T0750ns_sigma0p16_start00,77,1772948305.1379178,0.18659690078064328,pulse,1,0.1863223862827914,0.00020528873461595054,6.92257632359173e-05,0.0,0.0,0.8136776137172086,0.0020528873461595053,0.0020528873461595053,0.08263316065690843,20,12678937.85290606,54324420.165874705,7.5e-07,751,1e-09,0.0
gate_02_T0750ns_sigma0p16_start00,78,1772948305.1734972,0.1865969008116336,pulse,1,0.18632238498725828,0.00020528937725481158,6.922644712052091e-05,0.0,0.0,0.8136776150127417,0.002052893772548116,0.002052893772548116,0.08263316065690843,20,12678937.85290606,54324420.165874705,7.5e-07,751,1e-09,0.0
gate_02_T0750ns_sigma0p16_start00,79,1772948305.2110405,0.18659690092914585,pulse,1,0.18632238581116567,0.0002052891087815717,6.922600919861315e-05,0.0,0.0,0.8136776141888343,0.0020528910878157168,0.0020528910878157168,0.08263316065690843,20,12678937.85290606,54324420.165874705,7.5e-07,751,1e-09,0.0
gate_02_T0750ns_sigma0p16_start00,80,1772948305.245291,0.18659690078063496,pulse,1,0.18632238628276798,0.00020528873461927706,6.922576324768453e-05,0.0,0.0,0.813677613717232,0.0020528873461927704,0.0020528873461927704,0.08263316065690843,20,12678937.85290606,54324420.165874705,7.5e-07,751,1e-09,0.0
gate_02_T0750ns_sigma0p16_start00,81,1772948305.2795491,0.18659690076883859,pulse,1,0.18632238610189678,0.0002052888097582503,6.922585718355035e-05,0.0,0.0,0.8136776138981032,0.002052888097582503,0.002052888097582503,0.08263316065690843,20,12678937.85290606,54324420.165874705,7.5e-07,751,1e-09,0.0
gate_02_T0750ns_sigma0p16_start00,82,1772948305.3158941,0.18659690077327293,pulse,1,0.18632238617270647,0.0002052887802164657,6.922582034998539e-05,0.0,0.0,0.8136776138272935,0.002052887802164657,0.002052887802164657,0.08263316065690843,20,12678937.85290606,54324420.165874705,7.5e-07,751,1e-09,0.0
gate_02_T0750ns_sigma0p16_start00,83,1772948305.3525412,0.18659690096188639,pulse,1,0.1863223859905666,0.00020528905607509457,6.922591524468865e-05,0.0,0.0,0.8136776140094334,0.0020528905607509456,0.0020528905607509456,0.08263316065690843,20,12678937.85290606,54324420.165874705,7.5e-07,751,1e-09,0.0
gate_02_T0750ns_sigma0p16_start00,84,1772948305.3909016,0.1865969007662876,pulse,1,0.18632238605932971,0.00020528882759746712,6.922587936042857e-05,0.0,0.0,0.8136776139406703,0.002052888275974671,0.002052888275974671,0.08263316065690843,20,12678937.85290606,54324420.165874705,7.5e-07,751,1e-09,0.0
gate_02_T0750ns_sigma0p16_start00,85,1772948305.42615,0.18659690076475632,pulse,1,0.18632238603304974,0.00020528883863979439,6.922589306680405e-05,0.0,0.0,0.8136776139669503,0.0020528883863979437,0.0020528883863979437,0.08263316065690843,20,12678937.85290606,54324420.165874705,7.5e-07,751,1e-09,0.0
gate_02_T0750ns_sigma0p16_start00,86,1772948305.4634135,0.1865969007638232,pulse,1,0.18632238601681628,0.00020528884546899582,6.922590153792876e-05,0.0,0.0,0.8136776139831837,0.002052888454689958,0.002052888454689958,0.08263316065690843,20,12678937.85290606,54324420.165874705,7.5e-07,751,1e-09,0.0
gate_02_T0750ns_sigma0p16_start00,87,1772948305.5076587,0.18659690096494674,pulse,1,0.18632238600678674,0.00020528905138658123,6.922590677341711e-05,0.0,0.0,0.8136776139932133,0.0020528905138658122,0.0020528905138658122,0.08263316065690843,20,12678937.85290606,54324420.165874705,7.5e-07,751,1e-09,0.0
gate_02_T0750ns_sigma0p16_start00,88,1772948305.5451412,0.18659690076418245,pulse,1,0.18632238602301687,0.00020528884286333382,6.922589830223634e-05,0.0,0.0,0.8136776139769831,0.002052888428633338,0.002052888428633338,0.08263316065690843,20,12678937.85290606,54324420.165874705,7.5e-07,751,1e-09,0.0
gate_02_T0750ns_sigma0p16_start00,89,1772948305.587695,0.18659690096612971,pulse,1,0.1863223860129839,0.00020528904960813354,6.922590353770326e-05,0.0,0.0,0.8136776139870161,0.0020528904960813352,0.0020528904960813352,0.08263316065690843,20,12678937.85290606,54324420.165874705,7.5e-07,751,1e-09,0.0
gate_02_T0750ns_sigma0p16_start00,90,1772948305.6282613,0.18659690076396238,pulse,1,0.1863223860191835,0.00020528884447688534,6.922590030200266e-05,0.0,0.0,0.8136776139808165,0.0020528884447688534,0.0020528884447688534,0.08263316065690843,20,12678937.85290606,54324420.165874705,7.5e-07,751,1e-09,0.0
gate_02_T0750ns_sigma0p16_start00,91,1772948305.6710026,0.18659690076374197,pulse,1,0.18632238601535134,0.0002052888460888685,6.922590230177406e-05,0.0,0.0,0.8136776139846487,0.002052888460888685,0.002052888460888685,0.08263316065690843,20,12678937.85290606,54324420.165874705,7.5e-07,751,1e-09,0.0
gate_02_T0750ns_sigma0p16_start00,92,1772948305.707201,0.18659690076369484,pulse,1,0.18632238601444784,0.00020528884647314432,6.922590277385677e-05,0.0,0.0,0.8136776139855522,0.002052888464731443,0.002052888464731443,0.08263316065690843,20,12678937.85290606,54324420.165874705,7.5e-07,751,1e-09,0.0
gate_02_T0750ns_sigma0p16_start00,93,1772948305.74153,0.18659690076366794,pulse,1,0.18632238601389073,0.0002052888467115833,6.922590306562009e-05,0.0,0.0,0.8136776139861093,0.002052888467115833,0.002052888467115833,0.08263316065690843,20,12678937.85290606,54324420.165874705,7.5e-07,751,1e-09,0.0
gate_02_T0750ns_sigma0p16_start00,94,1772948305.7765977,0.18659690076364466,pulse,1,0.18632238601354467,0.00020528884685404357,6.922590324593978e-05,0.0,0.0,0.8136776139864553,0.0020528884685404357,0.0020528884685404357,0.08263316065690843,20,12678937.85290606,54324420.165874705,7.5e-07,751,1e-09,0.0
gate_02_T0750ns_sigma0p16_start00,95,1772948305.8148468,0.18659690076362773,pulse,1,0.18632238601333106,0.00020528884693925384,6.92259033573835e-05,0.0,0.0,0.8136776139866689,0.0020528884693925384,0.0020528884693925384,0.08263316065690843,20,12678937.85290606,54324420.165874705,7.5e-07,751,1e-09,0.0
gate_02_T0750ns_sigma0p16_start00,96,1772948305.8508778,0.18659690096617662,pulse,1,0.18632238601319995,0.00020528904955042235,6.922590342625952e-05,0.0,0.0,0.8136776139868,0.0020528904955042235,0.0020528904955042235,0.08263316065690843,20,12678937.85290606,54324420.165874705,7.5e-07,751,1e-09,0.0
gate_02_T0750ns_sigma0p16_start00,97,1772948305.886706,0.18659690076363183,pulse,1,0.1863223860134121,0.00020528884690489198,6.922590331481579e-05,0.0,0.0,0.8136776139865879,0.0020528884690489196,0.0020528884690489196,0.08263316065690843,20,12678937.85290606,54324420.165874705,7.5e-07,751,1e-09,0.0
gate_02_T0750ns_sigma0p16_start00,98,1772948305.9241421,0.18659690096617282,pulse,1,0.186322386013257,0.00020528904951975835,6.92259033960628e-05,0.0,0.0,0.813677613986743,0.0020528904951975834,0.0020528904951975834,0.08263316065690843,20,12678937.85290606,54324420.165874705,7.5e-07,751,1e-09,0.0
gate_02_T0750ns_sigma0p16_start00,99,1772948305.9582806,0.18659690076363408,pulse,1,0.18632238601336237,0.00020528884693059033,6.922590334112409e-05,0.0,0.0,0.8136776139866376,0.0020528884693059033,0.0020528884693059033,0.08263316065690843,20,12678937.85290606,54324420.165874705,7.5e-07,751,1e-09,0.0
gate_02_T0750ns_sigma0p16_start00,100,1772948305.9945686,0.18659690076362667,pulse,1,0.18632238601330164,0.0002052888469528693,6.922590337215768e-05,0.0,0.0,0.8136776139866984,0.002052888469528693,0.002052888469528693,0.08263316065690843,20,12678937.85290606,54324420.165874705,7.5e-07,751,1e-09,0.0
gate_02_T0750ns_sigma0p16_start00,101,1772948306.0293174,0.18659690076363053,pulse,1,0.18632238601327944,0.0002052888469671645,6.922590338392907e-05,0.0,0.0,0.8136776139867206,0.002052888469671645,0.002052888469671645,0.08263316065690843,20,12678937.85290606,54324420.165874705,7.5e-07,751,1e-09,0.0
gate_02_T0750ns_sigma0p16_start00,102,1772948306.0665867,0.18690938721357042,pulse,1,0.18663313348911126,0.00020701388906450315,6.923983539465789e-05,0.0,0.0,0.8133668665108887,0.0020701388906450313,0.0020701388906450313,0.08263316065690843,20,12678937.85290606,54324420.165874705,7.5e-07,751,1e-09,0.0
gate_02_T0750ns_sigma0p16_start00,103,1772948306.100834,0.18687834398652478,pulse,1,0.18660503664636685,0.00020406750476326368,6.923983539465789e-05,0.0,0.0,0.8133949633536331,0.0020406750476326366,0.0020406750476326366,0.08263316065690843,20,12678937.85290606,54324420.165874705,7.5e-07,751,1e-09,0.0
gate_02_T0750ns_sigma0p16_start00,104,1772948306.136489,0.18804306434334842,pulse,1,0.1877705580980944,0.00020321068176933343,6.929556348465873e-05,0.0,0.0,0.8122294419019056,0.002032106817693334,0.002032106817693334,0.08263316065690843,20,12678937.85290606,54324420.165874705,7.5e-07,751,1e-09,0.0
gate_02_T0750ns_sigma0p16_start00,105,1772948306.1725402,0.18659669558643008,pulse,1,0.1863222183043689,0.00020525136911018774,6.922591295100728e-05,0.0,0.0,0.8136777816956311,0.0020525136911018773,0.0020525136911018773,0.08263316065690843,20,12678937.85290606,54324420.165874705,7.5e-07,751,1e-09,0.0
gate_02_T0750ns_sigma0p16_start00,106,1772948306.2085474,0.18659669725228112,pulse,1,0.18632221793728654,0.00020525340224881734,6.922591274578666e-05,0.0,0.0,0.8136777820627135,0.002052534022488173,0.002052534022488173,0.08263316065690843,20,12678937.85290606,54324420.165874705,7.5e-07,751,1e-09,0.0
gate_02_T0750ns_sigma0p16_start00,107,1772948306.35611,0.18659675048254773,pulse,1,0.18632225887113374,0.0002052656901719057,6.922592124209075e-05,0.0,0.0,0.8136777411288663,0.002052656901719057,0.002052656901719057,0.08263316065690843,20,12678937.85290606,54324420.165874705,7.5e-07,751,1e-09,0.0
gate_02_T0750ns_sigma0p16_start00,108,1772948306.3971734,0.1865966990938557,pulse,1,0.18632222735804183,0.0002052458199986351,6.922591581524904e-05,0.0,0.0,0.8136777726419582,0.002052458199986351,0.002052458199986351,0.08263316065690843,20,12678937.85290606,54324420.165874705,7.5e-07,751,1e-09,0.0
gate_02_T0750ns_sigma0p16_start00,109,1772948306.4307346,0.1865966976982118,pulse,1,0.18632222117717578,0.0002052506069139576,6.922591412206449e-05,0.0,0.0,0.8136777788228242,0.002052506069139576,0.002052506069139576,0.08263316065690843,20,12678937.85290606,54324420.165874705,7.5e-07,751,1e-09,0.0
gate_02_T0750ns_sigma0p16_start00,110,1772948306.4664671,0.18659670946190857,pulse,1,0.1863222192524865,0.00020526429602290834,6.92259133991611e-05,0.0,0.0,0.8136777807475135,0.0020526429602290832,0.0020526429602290832,0.08263316065690843,20,12678937.85290606,54324420.165874705,7.5e-07,751,1e-09,0.0
gate_02_T0750ns_sigma0p16_start00,111,1772948306.5009687,0.18659669587436375,pulse,1,0.18632221871878485,0.00020525124242044853,6.922591315845012e-05,0.0,0.0,0.8136777812812152,0.002052512424204485,0.002052512424204485,0.08263316065690843,20,12678937.85290606,54324420.165874705,7.5e-07,751,1e-09,0.0
gate_02_T0750ns_sigma0p16_start00,112,1772948306.5366573,0.18659767847648306,pulse,1,0.1863226839223081,0.00020521862702159766,6.977592715334389e-05,0.0,0.0,0.8136773160776919,0.0020521862702159764,0.0020521862702159764,0.08263316065690843,20,12678937.85290606,54324420.165874705,7.5e-07,751,1e-09,0.0
gate_02_T0750ns_sigma0p16_start00,113,1772948306.5731912,0.18659704387588985,pulse,1,0.18632194792534185,0.00020532002339465356,6.977592715334387e-05,0.0,0.0,0.8136780520746582,0.0020532002339465356,0.0020532002339465356,0.08263316065690843,20,12678937.85290606,54324420.165874705,7.5e-07,751,1e-09,0.0
gate_02_T0750ns_sigma0p16_start00,114,1772948306.6087463,0.18659943340250357,pulse,1,0.18632207952114155,0.0002053778973993374,7.19759839626903e-05,0.0,0.0,0.8136779204788585,0.002053778973993374,0.002053778973993374,0.08263316065690843,20,12678937.85290606,54324420.165874705,7.5e-07,751,1e-09,0.0
gate_02_T0750ns_sigma0p16_start00,115,1772948306.6429284,0.18659665022513483,pulse,1,0.18632213187608804,0.00020526381116263382,6.925453788417921e-05,0.0,0.0,0.813677868123912,0.0020526381116263382,0.0020526381116263382,0.08263316065690843,20,12678937.85290606,54324420.165874705,7.5e-07,751,1e-09,0.0
gate_02_T0750ns_sigma0p16_start00,116,1772948306.677238,0.18659664977315762,pulse,1,0.18632212928410774,0.0002052640675735979,6.925642147629367e-05,0.0,0.0,0.8136778707158923,0.002052640675735979,0.002052640675735979,0.08263316065690843,20,12678937.85290606,54324420.165874705,7.5e-07,751,1e-09,0.0
gate_02_T0750ns_sigma0p16_start00,117,1772948306.7180076,0.1865966487531819,pulse,1,0.1863221164223432,0.00020526549361899553,6.926683721972528e-05,0.0,0.0,0.8136778835776568,0.002052654936189955,0.002052654936189955,0.08263316065690843,20,12678937.85290606,54324420.165874705,7.5e-07,751,1e-09,0.0
gate_02_T0750ns_sigma0p16_start00,118,1772948306.7524521,0.18659664875240403,pulse,1,0.1863221166118052,0.00020526547017514385,6.926667042369209e-05,0.0,0.0,0.8136778833881948,0.0020526547017514383,0.0020526547017514383,0.08263316065690843,20,12678937.85290606,54324420.165874705,7.5e-07,751,1e-09,0.0
gate_02_T0750ns_sigma0p16_start00,119,1772948306.7865984,0.18659664875211593,pulse,1,0.186322116820704,0.000205265444420264,6.92664869916899e-05,0.0,0.0,0.813677883179296,0.00205265444420264,0.00205265444420264,0.08263316065690843,20,12678937.85290606,54324420.165874705,7.5e-07,751,1e-09,0.0
gate_02_T0750ns_sigma0p16_start00,120,1772948306.8217845,0.18659664875212417,pulse,1,0.18632211680538857,0.00020526544631293254,6.92665004226708e-05,0.0,0.0,0.8136778831946114,0.0020526544631293254,0.0020526544631293254,0.08263316065690843,20,12678937.85290606,54324420.165874705,7.5e-07,751,1e-09,0.0
gate_02_T0750ns_sigma0p16_start00,121,1772948306.856088,0.18659664875212922,pulse,1,0.1863221168750424,0.00020526543772867914,6.926643935815629e-05,0.0,0.0,0.8136778831249576,0.0020526543772867913,0.0020526543772867913,0.08263316065690843,20,12678937.85290606,54324420.165874705,7.5e-07,751,1e-09,0.0
gate_02_T0750ns_sigma0p16_start00,122,1772948306.8907223,0.18659664875211648,pulse,1,0.18632211684145827,0.00020526544186421047,6.926646879399682e-05,0.0,0.0,0.8136778831585417,0.0020526544186421046,0.0020526544186421046,0.08263316065690843,20,12678937.85290606,54324420.165874705,7.5e-07,751,1e-09,0.0
gate_02_T0750ns_sigma0p16_start00,123,1772948306.9268126,0.18660580580576785,pulse,1,0.18632289725803197,0.000204841833506792,7.806671422907562e-05,0.0,0.0,0.813677102741968,0.00204841833506792,0.00204841833506792,0.08263316065690843,20,12678937.85290606,54324420.165874705,7.5e-07,751,1e-09,0.0
gate_02_T0750ns_sigma0p16_start00,124,1772948306.9593368,0.1866048694964946,pulse,1,0.1863215227033711,0.00020528007889443166,7.806671422907559e-05,0.0,0.0,0.8136784772966289,0.0020528007889443166,0.0020528007889443166,0.08263316065690843,20,12678937.85290606,54324420.165874705,7.5e-07,751,1e-09,0.0
gate_02_T0750ns_sigma0p16_start00,125,1772948306.9963353,0.18664061712737026,pulse,1,0.1863219577518116,0.00020539175238005818,0.00011326762317861837,0.0,0.0,0.8136780422481884,0.0020539175238005816,0.0020539175238005816,0.08263316065690843,20,12678937.85290606,54324420.165874705,7.5e-07,751,1e-09,0.0
gate_02_T0750ns_sigma0p16_start00,126,1772948307.030808,0.18659666365075356,pulse,1,0.18632209643952902,0.0002052948778108192,6.927233341371345e-05,0.0,0.0,0.813677903560471,0.0020529487781081918,0.0020529487781081918,0.08263316065690843,20,12678937.85290606,54324420.165874705,7.5e-07,751,1e-09,0.0
gate_02_T0750ns_sigma0p16_start00,127,1772948307.0664809,0.1865966642760394,pulse,1,0.18632209547130296,0.00020529589965770004,6.927290507875308e-05,0.0,0.0,0.813677904528697,0.0020529589965770003,0.0020529589965770003,0.08263316065690843,20,12678937.85290606,54324420.165874705,7.5e-07,751,1e-09,0.0
gate_02_T0750ns_sigma0p16_start00,128,1772948307.100824,0.18659665171842676,pulse,1,0.1863221206675716,0.0002052643579325274,6.926669292265443e-05,0.0,0.0,0.8136778793324284,0.0020526435793252738,0.0020526435793252738,0.08263316065690843,20,12678937.85290606,54324420.165874705,7.5e-07,751,1e-09,0.0
gate_02_T0750ns_sigma0p16_start00,129,1772948307.1397388,0.186598134559413,pulse,1,0.18632243727652387,0.00020512668237005518,7.05706005190808e-05,0.0,0.0,0.8136775627234761,0.0020512668237005517,0.0020512668237005517,0.08263316065690843,20,12678937.85290606,54324420.165874705,7.5e-07,751,1e-09,0.0
gate_02_T0750ns_sigma0p16_start00,130,1772948307.1763155,0.1865966884402638,pulse,1,0.18632215044619072,0.00020525597739664767,6.928201667644774e-05,0.0,0.0,0.8136778495538093,0.0020525597739664767,0.0020525597739664767,0.08263316065690843,20,12678937.85290606,54324420.165874705,7.5e-07,751,1e-09,0.0
gate_02_T0750ns_sigma0p16_start00,131,1772948307.216933,0.1865966628523842,pulse,1,0.18632213199680514,0.0002052611798540808,6.926967572495981e-05,0.0,0.0,0.8136778680031949,0.002052611798540808,0.002052611798540808,0.08263316065690843,20,12678937.85290606,54324420.165874705,7.5e-07,751,1e-09,0.0
gate_02_T0750ns_sigma0p16_start00,132,1772948307.2511725,0.18659664710889537,pulse,1,0.18632211441479762,0.00020526612632516418,6.926656777258525e-05,0.0,0.0,0.8136778855852024,0.0020526612632516417,0.0020526612632516417,0.08263316065690843,20,12678937.85290606,54324420.165874705,7.5e-07,751,1e-09,0.0
gate_02_T0750ns_sigma0p16_start00,133,1772948307.286164,0.18659664331347414,pulse,1,0.18632210753070055,0.00020526808748089887,6.92676952927009e-05,0.0,0.0,0.8136778924692994,0.0020526808748089886,0.0020526808748089886,0.08263316065690843,20,12678937.85290606,54324420.165874705,7.5e-07,751,1e-09,0.0
gate_02_T0750ns_sigma0p16_start00,134,1772948307.32221,0.18659664164634726,pulse,1,0.18632210328725674,0.0002052693027145777,6.926905637594102e-05,0.0,0.0,0.8136778967127433,0.002052693027145777,0.002052693027145777,0.08263316065690843,20,12678937.85290606,54324420.165874705,7.5e-07,751,1e-09,0.0
gate_02_T0750ns_sigma0p16_start00,135,1772948307.35792,0.18659664087453592,pulse,1,0.18632210066897215,0.0002052700542759699,6.927015128778786e-05,0.0,0.0,0.8136778993310279,0.002052700542759699,0.002052700542759699,0.08263316065690843,20,12678937.85290606,54324420.165874705,7.5e-07,751,1e-09,0.0
gate_02_T0750ns_sigma0p16_start00,136,1772948307.3935926,0.18659664049606514,pulse,1,0.1863220990524389,0.00020527051873476848,6.927092489146698e-05,0.0,0.0,0.8136779009475611,0.002052705187347685,0.002052705187347685,0.08263316065690843,20,12678937.85290606,54324420.165874705,7.5e-07,751,1e-09,0.0
gate_02_T0750ns_sigma0p16_start00,137,1772948307.4293942,0.18659664029974063,pulse,1,0.18632209805400313,0.00020527080571597638,6.927144002152088e-05,0.0,0.0,0.8136779019459969,0.0020527080571597638,0.0020527080571597638,0.08263316065690843,20,12678937.85290606,54324420.165874705,7.5e-07,751,1e-09,0.0
gate_02_T0750ns_sigma0p16_start00,138,1772948307.4698484,0.18659664019274458,pulse,1,0.1863220974371783,0.00020527098303774538,6.927177252851888e-05,0.0,0.0,0.8136779025628217,0.0020527098303774536,0.0020527098303774536,0.08263316065690843,20,12678937.85290606,54324420.165874705,7.5e-07,751,1e-09,0.0
gate_02_T0750ns_sigma0p16_start00,139,1772948307.5092201,0.1865966401320942,pulse,1,0.18632209705605374,0.00020527109261065524,6.927198342980689e-05,0.0,0.0,0.8136779029439463,0.0020527109261065522,0.0020527109261065522,0.08263316065690843,20,12678937.85290606,54324420.165874705,7.5e-07,751,1e-09,0.0
gate_02_T0750ns_sigma0p16_start00,140,1772948307.5498333,0.18659666340809922,pulse,1,0.1863220968205388,0.0002052944717235693,6.927211583684037e-05,0.0,0.0,0.8136779031794612,0.002052944717235693,0.002052944717235693,0.08263316065690843,20,12678937.85290606,54324420.165874705,7.5e-07,751,1e-09,0.0
gate_02_T0750ns_sigma0p16_start00,141,1772948307.589257,0.18659664015476704,pulse,1,0.1863220972016214,0.0002052710507599223,6.927190238570577e-05,0.0,0.0,0.8136779027983786,0.0020527105075992228,0.0020527105075992228,0.08263316065690843,20,12678937.85290606,54324420.165874705,7.5e-07,751,1e-09,0.0
gate_02_T0750ns_sigma0p16_start00,142,1772948307.6294713,0.1865966401183863,pulse,1,0.1863220969660916,0.00020527111847592236,6.927203381878453e-05,0.0,0.0,0.8136779030339084,0.0020527111847592236,0.0020527111847592236,0.08263316065690843,20,12678937.85290606,54324420.165874705,7.5e-07,751,1e-09,0.0
gate_02_T0750ns_sigma0p16_start00,143,1772948307.6635046,0.18659666335125394,pulse,1,0.18632209691049395,0.00020529437568414923,6.927206507584513e-05,0.0,0.0,0.813677903089506,0.002052943756841492,0.002052943756841492,0.08263316065690843,20,12678937.85290606,54324420.165874705,7.5e-07,751,1e-09,0.0
gate_02_T0750ns_sigma0p16_start00,144,1772948307.7007484,0.1865966401235941,pulse,1,0.1863220970004522,0.00020527110859711622,6.927201454476941e-05,0.0,0.0,0.8136779029995478,0.002052711085971162,0.002052711085971162,0.08263316065690843,20,12678937.85290606,54324420.165874705,7.5e-07,751,1e-09,0.0
gate_02_T0750ns_sigma0p16_start00,145,1772948307.73529,0.18659666332933858,pulse,1,0.1863220969448558,0.00020529433873522462,6.927204574755338e-05,0.0,0.0,0.8136779030551442,0.002052943387352246,0.002052943387352246,0.08263316065690843,20,12678937.85290606,54324420.165874705,7.5e-07,751,1e-09,0.0
gate_02_T0750ns_sigma0p16_start00,146,1772948307.7695642,0.1865966401203713,pulse,1,0.18632209697921676,0.00020527111470175358,6.927202645280643e-05,0.0,0.0,0.8136779030207832,0.0020527111470175358,0.0020527111470175358,0.08263316065690843,20,12678937.85290606,54324420.165874705,7.5e-07,751,1e-09,0.0
gate_02_T0750ns_sigma0p16_start00,147,1772948307.806369,0.18659666332113123,pulse,1,0.18632209695798008,0.0002052943247775117,6.927203837365642e-05,0.0,0.0,0.8136779030420199,0.002052943247775117,0.002052943247775117,0.08263316065690843,20,12678937.85290606,54324420.165874705,7.5e-07,751,1e-09,0.0
gate_02_T0750ns_sigma0p16_start00,148,1772948307.8442357,0.18659664011914345,pulse,1,0.18632209697110502,0.00020527111703378634,6.927203100465358e-05,0.0,0.0,0.813677903028895,0.002052711170337863,0.002052711170337863,0.08263316065690843,20,12678937.85290606,54324420.165874705,7.5e-07,751,1e-09,0.0
gate_02_T0750ns_sigma0p16_start00,149,1772948307.8835504,0.18659664011791496,pulse,1,0.1863220969629923,0.00020527111936431458,6.927203555837013e-05,0.0,0.0,0.8136779030370077,0.002052711193643146,0.002052711193643146,0.08263316065690843,20,12678937.85290606,54324420.165874705,7.5e-07,751,1e-09,0.0
gate_02_T0750ns_sigma0p16_start00,150,1772948307.9185114,0.18659664011763014,pulse,1,0.18632209696107993,0.0002052711199165911,6.927203663362952e-05,0.0,0.0,0.8136779030389201,0.002052711199165911,0.002052711199165911,0.08263316065690843,20,12678937.85290606,54324420.165874705,7.5e-07,751,1e-09,0.0
gate_02_T0750ns_sigma0p16_start00,151,1772948307.9537385,0.18659664011744898,pulse,1,0.18632209695989366,0.00020527112025709476,6.927203729822847e-05,0.0,0.0,0.8136779030401063,0.0020527112025709475,0.0020527112025709475,0.08263316065690843,20,12678937.85290606,54324420.165874705,7.5e-07,751,1e-09,0.0
gate_02_T0750ns_sigma0p16_start00,152,1772948308.0972948,0.18659664011734067,pulse,1,0.18632209695916346,0.00020527112046823693,6.92720377089931e-05,0.0,0.0,0.8136779030408365,0.002052711204682369,0.002052711204682369,0.08263316065690843,20,12678937.85290606,54324420.165874705,7.5e-07,751,1e-09,0.0
gate_02_T0750ns_sigma0p16_start00,153,1772948308.1397855,0.18659664011726954,pulse,1,0.1863220969587096,0.00020527112059707007,6.92720379628672e-05,0.0,0.0,0.8136779030412904,0.0020527112059707006,0.0020527112059707006,0.08263316065690843,20,12678937.85290606,54324420.165874705,7.5e-07,751,1e-09,0.0
gate_02_T0750ns_sigma0p16_start00,154,1772948308.180206,0.18659666332108257,pulse,1,0.18632209695843271,0.00020529432453008931,6.927203811977292e-05,0.0,0.0,0.8136779030415673,0.002052943245300893,0.002052943245300893,0.08263316065690843,20,12678937.85290606,54324420.165874705,7.5e-07,751,1e-09,0.0
gate_02_T0750ns_sigma0p16_start00,155,1772948308.2190487,0.18659664011729574,pulse,1,0.18632209695888335,0.00020527112054648938,6.927203786589523e-05,0.0,0.0,0.8136779030411166,0.002052711205464894,0.002052711205464894,0.08263316065690843,20,12678937.85290606,54324420.165874705,7.5e-07,751,1e-09,0.0
gate_02_T0750ns_sigma0p16_start00,156,1772948308.256297,0.18659664011725693,pulse,1,0.1863220969586059,0.00020527112062823693,6.927203802279959e-05,0.0,0.0,0.8136779030413941,0.0020527112062823693,0.0020527112062823693,0.08263316065690843,20,12678937.85290606,54324420.165874705,7.5e-07,751,1e-09,0.0
gate_02_T0750ns_sigma0p16_start00,157,1772948308.2907467,0.18659664011724636,pulse,1,0.18632209695853874,0.00020527112064777707,6.927203805984e-05,0.0,0.0,0.8136779030414613,0.0020527112064777707,0.0020527112064777707,0.08263316065690843,20,12678937.85290606,54324420.165874705,7.5e-07,751,1e-09,0.0
gate_02_T0750ns_sigma0p16_start00,158,1772948308.3334377,0.1865966633207856,pulse,1,0.18632209695849866,0.00020529432420418326,6.92720380827323e-05,0.0,0.0,0.8136779030415013,0.0020529432420418325,0.0020529432420418325,0.08263316065690843,20,12678937.85290606,54324420.165874705,7.5e-07,751,1e-09,0.0
gate_02_T0750ns_sigma0p16_start00,159,1772948308.3677573,0.18659666332080344,pulse,1,0.1863220969585645,0.00020529432419325372,6.927203804569181e-05,0.0,0.0,0.8136779030414355,0.002052943241932537,0.002052943241932537,0.08263316065690843,20,12678937.85290606,54324420.165874705,7.5e-07,751,1e-09,0.0
gate_02_T0750ns_sigma0p16_start00,160,1772948308.406053,0.1865966633209595,pulse,1,0.1863220969585231,0.000205294324367834,6.927203806858408e-05,0.0,0.0,0.8136779030414769,0.00205294324367834,0.00205294324367834,0.08263316065690843,20,12678937.85290606,54324420.165874705,7.5e-07,751,1e-09,0.0
gate_02_T0750ns_sigma0p16_start00,161,1772948308.4454186,0.1865966401172458,pulse,1,0.18632209695854696,0.0002052711206444142,6.927203805443587e-05,0.0,0.0,0.813677903041453,0.0020527112064441418,0.0020527112064441418,0.08263316065690843,20,12678937.85290606,54324420.165874705,7.5e-07,751,1e-09,0.0
gate_02_T0750ns_sigma0p16_start00,162,1772948308.483791,0.18659666332080854,pulse,1,0.18632209695854995,0.00020529432420564103,6.927203805295252e-05,0.0,0.0,0.81367790304145,0.0020529432420564103,0.0020529432420564103,0.08263316065690843,20,12678937.85290606,54324420.165874705,7.5e-07,751,1e-09,0.0
gate_02_T0750ns_sigma0p16_start00,163,1772948308.519833,0.1865966633209565,pulse,1,0.18632209695854596,0.00020529432435402917,6.927203805650007e-05,0.0,0.0,0.813677903041454,0.0020529432435402914,0.0020529432435402914,0.08263316065690843,20,12678937.85290606,54324420.165874705,7.5e-07,751,1e-09,0.0
gate_02_T0750ns_sigma0p16_start00,164,1772948308.557003,0.18659666332079317,pulse,1,0.1863220969585473,0.00020529432419063066,6.927203805522432e-05,0.0,0.0,0.8136779030414527,0.0020529432419063064,0.0020529432419063064,0.08263316065690843,20,12678937.85290606,54324420.165874705,7.5e-07,751,1e-09,0.0
gate_02_T0750ns_sigma0p16_start00,165,1772948308.5960617,0.18659666332087677,pulse,1,0.18632209695854884,0.00020529432427405527,6.927203805386928e-05,0.0,0.0,0.8136779030414512,0.0020529432427405527,0.0020529432427405527,0.08263316065690843,20,12678937.85290606,54324420.165874705,7.5e-07,751,1e-09,0.0
gate_02_T0750ns_sigma0p16_start00,166,1772948308.6331635,0.1865966633208,pulse,1,0.18632209695854862,0.0002052943241966422,6.927203805473704e-05,0.0,0.0,0.8136779030414514,0.002052943241966422,0.002052943241966422,0.08263316065690843,20,12678937.85290606,54324420.165874705,7.5e-07,751,1e-09,0.0
gate_02_T0750ns_sigma0p16_start00,167,1772948308.6703017,0.186596663321037,pulse,1,0.1863220969585503,0.000205294324432512,6.927203805421945e-05,0.0,0.0,0.8136779030414497,0.00205294324432512,0.00205294324432512,0.08263316065690843,20,12678937.85290606,54324420.165874705,7.5e-07,751,1e-09,0.0
gate_02_T0750ns_sigma0p16_start00,168,1772948308.7076845,0.18687453072927313,pulse,1,0.18659525129319388,0.00020999346600230077,6.928597007693608e-05,0.0,0.0,0.8134047487068061,0.0020999346600230075,0.0020999346600230075,0.08263316065690843,20,12678937.85290606,54324420.165874705,7.5e-07,751,1e-09,0.0
gate_02_T0750ns_sigma0p16_start00,169,1772948308.7439127,0.18732576415756,pulse,1,0.18664006810721512,0.0006164100802679537,6.928597007693608e-05,0.0,0.0,0.8133599318927849,0.006164100802679537,0.006164100802679537,0.08263316065690843,20,12678937.85290606,54324420.165874705,7.5e-07,751,1e-09,0.0
gate_02_T0750ns_sigma0p16_start00,170,1772948308.7800615,0.18853243736065187,pulse,1,0.18774714307723572,0.000715952585249208,6.934169816693693e-05,0.0,0.0,0.8122528569227643,0.0071595258524920794,0.0071595258524920794,0.08263316065690843,20,12678937.85290606,54324420.165874705,7.5e-07,751,1e-09,0.0
gate_02_T0750ns_sigma0p16_start00,171,1772948308.8190627,0.18651277398140248,pulse,1,0.18633289479081483,0.00011060639630265895,6.927279428498813e-05,0.0,0.0,0.8136671052091852,0.0011060639630265895,0.0011060639630265895,0.08263316065690843,20,12678937.85290606,54324420.165874705,7.5e-07,751,1e-09,0.0
gate_02_T0750ns_sigma0p16_start00,172,1772948308.8635666,0.18652265776744104,pulse,1,0.186329288537465,0.00012409663752029187,6.927259245573799e-05,0.0,0.0,0.813670711462535,0.0012409663752029187,0.0012409663752029187,0.08263316065690843,20,12678937.85290606,54324420.165874705,7.5e-07,751,1e-09,0.0
gate_02_T0750ns_sigma0p16_start00,173,1772948308.904415,0.1864806364646081,pulse,1,0.1863542822998424,5.70802166608232e-05,6.92739481048743e-05,0.0,0.0,0.8136457177001576,0.000570802166608232,0.000570802166608232,0.08263316065690843,20,12678937.85290606,54324420.165874705,7.5e-07,751,1e-09,0.0
gate_02_T0750ns_sigma0p16_start00,174,1772948308.9483442,0.18654253080182864,pulse,1,0.1864187301811555,5.4523384842314896e-05,6.927723583081743e-05,0.0,0.0,0.8135812698188445,0.0005452338484231489,0.0005452338484231489,0.08263316065690843,20,12678937.85290606,54324420.165874705,7.5e-07,751,1e-09,0.0
gate_02_T0750ns_sigma0p16_start00,175,1772948308.9897552,0.18647295392549307,pulse,1,0.18637487666796082,2.8802243916592964e-05,6.927501361564845e-05,0.0,0.0,0.8136251233320392,0.0002880224391659296,0.0002880224391659296,0.08263316065690843,20,12678937.85290606,54324420.165874705,7.5e-07,751,1e-09,0.0
gate_02_T0750ns_sigma0p16_start00,176,1772948309.0255938,0.18647498298270337,pulse,1,0.1863794178777839,2.6289858548909604e-05,6.927524637057306e-05,0.0,0.0,0.8136205821222161,0.000262898585489096,0.000262898585489096,0.08263316065690843,20,12678937.85290606,54324420.165874705,7.5e-07,751,1e-09,0.0
gate_02_T0750ns_sigma0p16_start00,177,1772948309.0646412,0.1864727112621865,pulse,1,0.18636931171243087,3.4124822457573143e-05,6.927472729805577e-05,0.0,0.0,0.8136306882875691,0.00034124822457573143,0.00034124822457573143,0.08263316065690843,20,12678937.85290606,54324420.165874705,7.5e-07,751,1e-09,0.0
gate_02_T0750ns_sigma0p16_start00,178,1772948309.1013975,0.18647463048219226,pulse,1,0.18636325373066576,4.210233754859503e-05,6.92744139779174e-05,0.0,0.0,0.8136367462693342,0.0004210233754859503,0.0004210233754859503,0.08263316065690843,20,12678937.85290606,54324420.165874705,7.5e-07,751,1e-09,0.0
gate_02_T0750ns_sigma0p16_start00,179,1772948309.138207,0.18647254745316894,pulse,1,0.18637129218623916,3.198043757584931e-05,6.927482935392355e-05,0.0,0.0,0.8136287078137608,0.0003198043757584931,0.0003198043757584931,0.08263316065690843,20,12678937.85290606,54324420.165874705,7.5e-07,751,1e-09,0.0
gate_02_T0750ns_sigma0p16_start00,180,1772948309.171856,0.18647254412125272,pulse,1,0.18637143626758101,3.183301681951179e-05,6.927483685221246e-05,0.0,0.0,0.813628563732419,0.0003183301681951179,0.0003183301681951179,0.08263316065690843,20,12678937.85290606,54324420.165874705,7.5e-07,751,1e-09,0.0
gate_02_T0750ns_sigma0p16_start00,181,1772948309.2108083,0.18647254642745592,pulse,1,0.1863717817271493,3.1489845705061675e-05,6.92748546015708e-05,0.0,0.0,0.8136282182728507,0.00031489845705061673,0.00031489845705061673,0.08263316065690843,20,12678937.85290606,54324420.165874705,7.5e-07,751,1e-09,0.0
gate_02_T0750ns_sigma0p16_start00,182,1772948309.2499356,0.18647254273228447,pulse,1,0.18637156678915634,3.170109950290798e-05,6.927484362524194e-05,0.0,0.0,0.8136284332108437,0.0003170109950290798,0.0003170109950290798,0.08263316065690843,20,12678937.85290606,54324420.165874705,7.5e-07,751,1e-09,0.0
gate_02_T0750ns_sigma0p16_start00,183,1772948309.2862208,0.18647254260207954,pulse,1,0.1863716349832819,3.1632771640028355e-05,6.927484715761229e-05,0.0,0.0,0.8136283650167181,0.00031632771640028353,0.00031632771640028353,0.08263316065690843,20,12678937.85290606,54324420.165874705,7.5e-07,751,1e-09,0.0
gate_02_T0750ns_sigma0p16_start00,184,1772948309.3321683,0.1864725452952157,pulse,1,0.18637170571855388,3.156472596964245e-05,6.927485069220501e-05,0.0,0.0,0.8136282942814461,0.0003156472596964245,0.0003156472596964245,0.08263316065690843,20,12678937.85290606,54324420.165874705,7.5e-07,751,1e-09,0.0
gate_02_T0750ns_sigma0p16_start00,185,1772948309.3729613,0.18656355630589735,pulse,1,0.18637377926720378,0.00011995217733363438,6.98248613599489e-05,0.0,0.0,0.8136262207327962,0.0011995217733363438,0.0011995217733363438,0.08263316065690843,20,12678937.85290606,54324420.165874705,7.5e-07,751,1e-09,0.0
gate_02_T0750ns_sigma0p16_start00,186,1772948309.4076133,0.18660959814953837,pulse,1,0.186374775986483,0.00016499730169541657,6.982486135994889e-05,0.0,0.0,0.813625224013517,0.0016499730169541656,0.0016499730169541656,0.08263316065690843,20,12678937.85290606,54324420.165874705,7.5e-07,751,1e-09,0.0
gate_02_T0750ns_sigma0p16_start00,187,1772948309.4443169,0.18672499705217666,pulse,1,0.18638178441422593,0.00027118771978142705,7.202491816929533e-05,0.0,0.0,0.8136182155857741,0.0027118771978142703,0.0027118771978142703,0.08263316065690843,20,12678937.85290606,54324420.165874705,7.5e-07,751,1e-09,0.0
gate_02_T0750ns_sigma0p16_start00,188,1772948309.4837399,0.18646374805996632,pulse,1,0.18637166739919941,2.277348054236279e-05,6.93071802245591e-05,0.0,0.0,0.8136283326008006,0.00022773480542362788,0.00022773480542362788,0.08263316065690843,20,12678937.85290606,54324420.165874705,7.5e-07,751,1e-09,0.0
gate_02_T0750ns_sigma0p16_start00,189,1772948309.5166683,0.18646386070070578,pulse,1,0.1863716111310013,2.29700265416867e-05,6.92795431627826e-05,0.0,0.0,0.8136283888689987,0.000229700265416867,0.000229700265416867,0.08263316065690843,20,12678937.85290606,54324420.165874705,7.5e-07,751,1e-09,0.0
gate_02_T0750ns_sigma0p16_start00,190,1772948309.5523584,0.18646104904839517,pulse,1,0.18637162342184488,2.013488390487004e-05,6.929074264543061e-05,0.0,0.0,0.8136283765781551,0.00020134883904870038,0.00020134883904870038,0.08263316065690843,20,12678937.85290606,54324420.165874705,7.5e-07,751,1e-09,0.0
gate_02_T0750ns_sigma0p16_start00,191,1772948309.5872226,0.18646104808992425,pulse,1,0.18637162312077526,2.0134562145701117e-05,6.92904070032828e-05,0.0,0.0,0.8136283768792247,0.00020134562145701114,0.00020134562145701114,0.08263316065690843,20,12678937.85290606,54324420.165874705,7.5e-07,751,1e-09,0.0
gate_02_T0750ns_sigma0p16_start00,192,1772948309.6232734,0.186461045759219,pulse,1,0.18637162315674893,2.0132127852202203e-05,6.92904746178656e-05,0.0,0.0,0.8136283768432511,0.00020132127852202203,0.00020132127852202203,0.08263316065690843,20,12678937.85290606,54324420.165874705,7.5e-07,751,1e-09,0.0
gate_02_T0750ns_sigma0p16_start00,193,1772948309.6602776,0.1864610469467881,pulse,1,0.1863716232193917,2.013316330012656e-05,6.929056409625718e-05,0.0,0.0,0.8136283767806083,0.00020133163300126557,0.00020133163300126557,0.08263316065690843,20,12678937.85290606,54324420.165874705,7.5e-07,751,1e-09,0.0
gate_02_T0750ns_sigma0p16_start00,194,1772948309.6965091,0.18646104599082006,pulse,1,0.1863716231708169,2.0132322569096654e-05,6.92904974340616e-05,0.0,0.0,0.8136283768291831,0.00020132322569096654,0.00020132322569096654,0.08263316065690843,20,12678937.85290606,54324420.165874705,7.5e-07,751,1e-09,0.0
gate_02_T0750ns_sigma0p16_start00,195,1772948309.7309284,0.186461045601647,pulse,1,0.18637162314209743,2.0132010775459565e-05,6.929044877409053e-05,0.0,0.0,0.8136283768579026,0.00020132010775459564,0.00020132010775459564,0.08263316065690843,20,12678937.85290606,54324420.165874705,7.5e-07,751,1e-09,0.0
gate_02_T0750ns_sigma0p16_start00,196,1772948309.7683222,0.18646104556794907,pulse,1,0.18637162312975253,2.0132012992239273e-05,6.929042520430025e-05,0.0,0.0,0.8136283768702475,0.00020132012992239273,0.00020132012992239273,0.08263316065690843,20,12678937.85290606,54324420.165874705,7.5e-07,751,1e-09,0.0
gate_02_T0750ns_sigma0p16_start00,197,1772948309.9028594,0.18646104556742094,pulse,1,0.18637162313401368,2.0131999880569455e-05,6.929043352667663e-05,0.0,0.0,0.8136283768659863,0.00020131999880569455,0.00020131999880569455,0.08263316065690843,20,12678937.85290606,54324420.165874705,7.5e-07,751,1e-09,0.0
gate_02_T0750ns_sigma0p16_start00,198,1772948309.938393,0.18684382791132265,pulse,1,0.1863695596721946,0.0003961775783639812,7.809066076406234e-05,0.0,0.0,0.8136304403278054,0.003961775783639812,0.003961775783639812,0.08263316065690843,20,12678937.85290606,57290937.861319266,7.5e-07,751,1e-09,0.0
gate_02_T0750ns_sigma0p16_start00,199,1772948309.9725578,0.18663437366157756,pulse,1,0.1863704736601346,0.00018580934067890923,7.809066076406231e-05,0.0,0.0,0.8136295263398654,0.0018580934067890921,0.0018580934067890921,0.08263316065690843,20,12678937.85290606,51357902.47043015,7.5e-07,751,1e-09,0.0
gate_02_T0750ns_sigma0p16_start00,200,1772948310.011641,0.18668607898387424,pulse,1,0.18636494950840243,0.0002078379057581996,0.0001132915697136051,0.0,0.0,0.8136350504915976,0.002078379057581996,0.002078379057581996,0.08263316065690843,20,12678937.85290606,47691084.94240466,7.5e-07,751,1e-09,0.0
gate_02_T0750ns_sigma0p16_start00,201,1772948310.049105,0.18664725132655238,pulse,1,0.18636967592878795,0.00019652053709371382,8.105486067072349e-05,0.0,0.0,0.813630324071212,0.001965205370937138,0.001965205370937138,0.08263316065690843,20,12678937.85290606,50894489.09600656,7.5e-07,751,1e-09,0.0
gate_02_T0750ns_sigma0p16_start00,202,1772948310.089,0.18651601273697185,pulse,1,0.1863719808558444,7.425102774527269e-05,6.978085338218951e-05,0.0,0.0,0.8136280191441556,0.0007425102774527269,0.0007425102774527269,0.08263316065690843,20,12678937.85290606,53624120.33329377,7.5e-07,751,1e-09,0.0
gate_02_T0750ns_sigma0p16_start00,203,1772948310.1268609,0.186503344026276,pulse,1,0.1863710914441118,6.24717287820033e-05,6.978085338218951e-05,0.0,0.0,0.8136289085558882,0.000624717287820033,0.000624717287820033,0.08263316065690843,20,12678937.85290606,55024719.99845564,7.5e-07,751,1e-09,0.0
gate_02_T0750ns_sigma0p16_start00,204,1772948310.172214,0.18647071996940726,pulse,1,0.18637134324058813,2.993881773597912e-05,6.943791108315273e-05,0.0,0.0,0.8136286567594119,0.0002993881773597912,0.0002993881773597912,0.08263316065690843,20,12678937.85290606,54708448.233177215,7.5e-07,751,1e-09,0.0
gate_02_T0750ns_sigma0p16_start00,205,1772948310.2095323,0.18645865049328209,pulse,1,0.18637159394032388,1.776420898802119e-05,6.92923439701955e-05,0.0,0.0,0.8136284060596761,0.00017764208988021188,0.00017764208988021188,0.08263316065690843,20,12678937.85290606,54368128.78652175,7.5e-07,751,1e-09,0.0
gate_02_T0750ns_sigma0p16_start00,206,1772948310.2463326,0.18645872752578763,pulse,1,0.18637159521949964,1.784012093262858e-05,6.929218535537466e-05,0.0,0.0,0.8136284047805004,0.0001784012093262858,0.0001784012093262858,0.08263316065690843,20,12678937.85290606,54366275.01861638,7.5e-07,751,1e-09,0.0
gate_02_T0750ns_sigma0p16_start00,207,1772948310.2798905,0.18645630798473814,pulse,1,0.18637152905720145,1.547024514407663e-05,6.930868239261848e-05,0.0,0.0,0.8136284709427986,0.0001547024514407663,0.0001547024514407663,0.08263316065690843,20,12678937.85290606,54459508.52933305,7.5e-07,751,1e-09,0.0
gate_02_T0750ns_sigma0p16_start00,208,1772948310.3192036,0.18645906043859975,pulse,1,0.1863714601343469,1.825689025574972e-05,6.93434139970775e-05,0.0,0.0,0.8136285398656531,0.0001825689025574972,0.0001825689025574972,0.08263316065690843,20,12678937.85290606,54554595.03505219,7.5e-07,751,1e-09,0.0
gate_02_T0750ns_sigma0p16_start00,209,1772948310.3578105,0.18645661998547372,pulse,1,0.18637150842679662,1.5794076826451703e-05,6.931748185065417e-05,0.0,0.0,0.8136284915732034,0.00015794076826451702,0.00015794076826451702,0.08263316065690843,20,12678937.85290606,54488883.9125715,7.5e-07,751,1e-09,0.0
gate_02_T0750ns_sigma0p16_start00,210,1772948310.3921618,0.1864563073164192,pulse,1,0.18637152993370099,1.546950181406445e-05,6.930788090417681e-05,0.0,0.0,0.813628470066299,0.0001546950181406445,0.0001546950181406445,0.08263316065690843,20,12678937.85290606,54456508.68732978,7.5e-07,751,1e-09,0.0
gate_02_T0750ns_sigma0p16_start00,211,1772948310.4310522,0.18645630575943964,pulse,1,0.18637152958854764,1.5467984035033054e-05,6.930818685696505e-05,0.0,0.0,0.8136284704114524,0.00015467984035033054,0.00015467984035033054,0.08263316065690843,20,12678937.85290606,54457661.78958298,7.5e-07,751,1e-09,0.0
gate_02_T0750ns_sigma0p16_start00,212,1772948310.468606,0.1864563055554927,pulse,1,0.18637152952503988,1.546778597691748e-05,6.930824447589924e-05,0.0,0.0,0.8136284704749601,0.0001546778597691748,0.0001546778597691748,0.08263316065690843,20,12678937.85290606,54457877.83415423,7.5e-07,751,1e-09,0.0
gate_02_T0750ns_sigma0p16_start00,213,1772948310.5047758,0.18645630525201776,pulse,1,0.18637152934396506,1.5467496935239695e-05,6.930841111745763e-05,0.0,0.0,0.8136284706560349,0.00015467496935239695,0.00015467496935239695,0.08263316065690843,20,12678937.85290606,54458500.704287246,7.5e-07,751,1e-09,0.0
gate_02_T0750ns_sigma0p16_start00,214,1772948310.5439188,0.18645630526847187,pulse,1,0.1863715293048278,1.546751604581288e-05,6.930844759824315e-05,0.0,0.0,0.8136284706951722,0.00015467516045812878,0.00015467516045812878,0.08263316065690843,20,12678937.85290606,54458636.675911725,7.5e-07,751,1e-09,0.0
gate_02_T0750ns_sigma0p16_start00,215,1772948310.5892718,0.18645630525222057,pulse,1,0.18637152934614765,1.546749696724725e-05,6.930840910569296e-05,0.0,0.0,0.8136284706538524,0.0001546749696724725,0.0001546749696724725,0.08263316065690843,20,12678937.85290606,54458493.20200176,7.5e-07,751,1e-09,0.0
gate_02_T0750ns_sigma0p16_start00,216,1772948310.6335154,0.18645630525196316,pulse,1,0.1863715293412851,1.546749705373365e-05,6.930841362434371e-05,0.0,0.0,0.8136284706587149,0.0001546749705373365,0.0001546749705373365,0.08263316065690843,20,12678937.85290606,54458510.052395195,7.5e-07,751,1e-09,0.0
gate_02_T0750ns_sigma0p16_start00,217,1772948310.6694286,0.18645630525194828,pulse,1,0.18637152934194023,1.5467497014528793e-05,6.930841299351761e-05,0.0,0.0,0.8136284706580598,0.0001546749701452879,0.0001546749701452879,0.08263316065690843,20,12678937.85290606,54458507.7001237,7.5e-07,751,1e-09,0.0
gate_02_T0750ns_sigma0p16_start00,218,1772948310.7053823,0.18645630525196177,pulse,1,0.18637152934214085,1.5467496999672848e-05,6.930841282122915e-05,0.0,0.0,0.8136284706578591,0.00015467496999672846,0.00015467496999672846,0.08263316065690843,20,12678937.85290606,54458507.05767449,7.5e-07,751,1e-09,0.0
gate_02_T0750ns_sigma0p16_start00,219,1772948310.742826,0.18645630525194484,pulse,1,0.1863715293417123,1.5467497016548827e-05,6.930841321597314e-05,0.0,0.0,0.8136284706582877,0.00015467497016548827,0.00015467497016548827,0.08263316065690843,20,12678937.85290606,54458508.52963724,7.5e-07,751,1e-09,0.0
gate_02_T0750ns_sigma0p16_start00,220,1772948310.777251,0.18645630525196083,pulse,1,0.1863715293417909,1.5467497016552846e-05,6.930841315335234e-05,0.0,0.0,0.8136284706582091,0.00015467497016552844,0.00015467497016552844,0.08263316065690843,20,12678937.85290606,54458508.29613131,7.5e-07,751,1e-09,0.0
gate_02_T0750ns_sigma0p16_start00,221,1772948310.812613,0.1864563052519683,pulse,1,0.18637152934156154,1.5467497034782665e-05,6.930841337195627e-05,0.0,0.0,0.8136284706584385,0.00015467497034782663,0.00015467497034782663,0.08263316065690843,20,12678937.85290606,54458509.11127902,7.5e-07,751,1e-09,0.0
gate_02_T0750ns_sigma0p16_start00,222,1772948310.8460436,0.18645630525196874,pulse,1,0.18637152934166434,1.546749702885254e-05,6.930841327555331e-05,0.0,0.0,0.8136284706583357,0.00015467497028852538,0.00015467497028852538,0.08263316065690843,20,12678937.85290606,54458508.75180463,7.5e-07,751,1e-09,0.0
gate_02_T0750ns_sigma0p16_start00,223,1772948310.88205,0.18645630525194026,pulse,1,0.18637152934173729,1.5467497010925677e-05,6.93084131920541e-05,0.0,0.0,0.8136284706582627,0.00015467497010925675,0.00015467497010925675,0.08263316065690843,20,12678937.85290606,54458508.44044591,7.5e-07,751,1e-09,0.0
gate_02_T0750ns_sigma0p16_start00,224,1772948310.9181504,0.18645630525194684,pulse,1,0.18637152934175139,1.546749701820218e-05,6.930841317727135e-05,0.0,0.0,0.8136284706582486,0.00015467497018202181,0.00015467497018202181,0.08263316065690843,20,12678937.85290606,54458508.38532264,7.5e-07,751,1e-09,0.0
gate_02_T0750ns_sigma0p16_start00,225,1772948310.9543934,0.18645630525195425,pulse,1,0.1863715293417434,1.5467497012675867e-05,6.930841319819221e-05,0.0,0.0,0.8136284706582566,0.00015467497012675867,0.00015467497012675867,0.08263316065690843,20,12678937.85290606,54458508.46333416,7.5e-07,751,1e-09,0.0
gate_02_T0750ns_sigma0p16_start00,226,1772948310.9902837,0.18645630525197227,pulse,1,0.1863715293417536,1.5467497027156075e-05,6.930841319151182e-05,0.0,0.0,0.8136284706582464,0.00015467497027156073,0.00015467497027156073,0.08263316065690843,20,12678937.85290606,54458508.43842373,7.5e-07,751,1e-09,0.0
gate_02_T0750ns_sigma0p16_start00,227,1772948311.031502,0.18645630525195775,pulse,1,0.18637152934173717,1.546749702618472e-05,6.930841319439865e-05,0.0,0.0,0.8136284706582628,0.0001546749702618472,0.0001546749702618472,0.08263316065690843,20,12678937.85290606,54458508.44918844,7.5e-07,751,1e-09,0.0
gate_02_T0750ns_sigma0p16_start00,228,1772948311.068827,0.18645630525196058,pulse,1,0.18637152934174062,1.5467497027011788e-05,6.930841319294964e-05,0.0,0.0,0.8136284706582594,0.00015467497027011788,0.00015467497027011788,0.08263316065690843,20,12678937.85290606,54458508.44378526,7.5e-07,751,1e-09,0.0
gate_02_T0750ns_sigma0p16_start00,229,1772948311.1068683,0.18645630525194026,pulse,1,0.18637152934173729,1.5467497010925677e-05,6.93084131920541e-05,0.0,0.0,0.8136284706582627,0.00015467497010925675,0.00015467497010925675,0.08263316065690843,20,12678937.85290606,54458508.44044591,7.5e-07,751,1e-09,0.0
gate_02_T0750ns_sigma0p16_start00,230,1772948311.1427553,0.18645630448160777,pulse,1,0.18637152857198136,1.546749642436903e-05,6.930841320205278e-05,0.0,0.0,0.8136284714280186,0.00015467496424369028,0.00015467496424369028,0.08263316065690843,20,12678937.831962109,54458508.44044591,7.5e-07,751,1e-09,0.0
gate_02_T0750ns_sigma0p16_start00,231,1772948311.1804302,0.1864563051676079,pulse,1,0.18637152925614553,1.5467498270311397e-05,6.93084131920541e-05,0.0,0.0,0.8136284707438545,0.00015467498270311397,0.00015467498270311397,0.08263316065690843,20,12678937.85290606,54458508.44044591,7.5e-07,751,1e-09,0.0
gate_02_T0750ns_sigma0p16_start00,232,1772948311.2160892,0.1864563052518853,pulse,1,0.18637152934167767,1.5467497015599778e-05,6.930841319205428e-05,0.0,0.0,0.8136284706583223,0.00015467497015599776,0.00015467497015599776,0.08263316065690843,20,12678937.85290606,54458508.44044591,7.5e-07,751,1e-09,0.0
gate_02_T0750ns_sigma0p16_start00,233,1772948311.256677,0.18645630530490037,pulse,1,0.18637152939448143,1.5467497229165566e-05,6.93084131897852e-05,0.0,0.0,0.8136284706055186,0.00015467497229165565,0.00015467497229165565,0.08263316065690843,20,12678937.85290606,54458508.44044591,7.5e-07,751,1e-09,0.0
gate_02_T0750ns_sigma0p16_start00,234,1772948311.295912,0.1864563052545173,pulse,1,0.18637152934433865,1.546749700802561e-05,6.930841317062627e-05,0.0,0.0,0.8136284706556614,0.00015467497008025608,0.00015467497008025608,0.08263316065690843,20,12678937.85290606,54458508.44044591,7.5e-07,751,1e-09,0.0
gate_02_T0750ns_sigma0p16_start00,235,1772948311.3352942,0.18645630525195198,pulse,1,0.18637152934174117,1.5467497018744875e-05,6.930841319205412e-05,0.0,0.0,0.8136284706582588,0.00015467497018744873,0.00015467497018744873,0.08263316065690843,20,12678937.85290606,54458508.44044591,7.5e-07,751,1e-09,0.0
gate_02_T0750ns_sigma0p16_start00,236,1772948311.3695698,0.18645630524964285,pulse,1,0.18637152933943357,1.5467497017161557e-05,6.9308413192116e-05,0.0,0.0,0.8136284706605664,0.00015467497017161556,0.00015467497017161556,0.08263316065690843,20,12678937.85290606,54458508.44044591,7.5e-07,751,1e-09,0.0
gate_02_T0750ns_sigma0p16_start00,237,1772948311.405383,0.18645630525195203,pulse,1,0.1863715293417384,1.546749701756363e-05,6.93084131960827e-05,0.0,0.0,0.8136284706582616,0.0001546749701756363,0.0001546749701756363,0.08263316065690843,20,12678937.85290606,54458508.44044591,7.5e-07,751,1e-09,0.0
gate_02_T0750ns_sigma0p16_start00,238,1772948311.4402606,0.18645630525194912,pulse,1,0.1863715293417465,1.5467497010552596e-05,6.93084131920541e-05,0.0,0.0,0.8136284706582535,0.00015467497010552596,0.00015467497010552596,0.08263316065690843,20,12678937.85290606,54458508.44044591,7.5e-07,751,1e-09,0.0
gate_02_T0750ns_sigma0p16_start00,239,1772948311.475499,0.1864563052591313,pulse,1,0.18637152932159318,1.5467524347100796e-05,6.930841319099408e-05,0.0,0.0,0.8136284706784068,0.00015467524347100795,0.00015467524347100795,0.08263316065690843,20,12678937.85290606,54458508.44044591,7.5e-07,751,1e-09,0.0
gate_02_T0750ns_sigma0p16_start00,240,1772948311.5102668,0.18645630525066936,pulse,1,0.18637152934171108,1.5467495768720716e-05,6.93084131895572e-05,0.0,0.0,0.8136284706582889,0.00015467495768720714,0.00015467495768720714,0.08263316065690843,20,12678937.85290606,54458508.44044591,7.5e-07,751,1e-09,0.0
gate_02_T0750ns_sigma0p16_start00,241,1772948311.5495121,0.1864563052519438,pulse,1,0.18637152934173462,1.5467497017100286e-05,6.93084131920541e-05,0.0,0.0,0.8136284706582654,0.00015467497017100285,0.00015467497017100285,0.08263316065690843,20,12678937.85290606,54458508.4404459,7.5e-07,751,1e-09,0.0
gate_02_T0750ns_sigma0p16_start00,242,1772948311.693276,0.18635771639029364,pulse,1,0.18627366686558766,1.4739146328202389e-05,6.931037837777429e-05,0.0,0.0,0.8137263331344123,0.00014739146328202388,0.00014739146328202388,0.08263316065690843,20,12678799.39880997,54458508.440446265,7.5e-07,751,1e-09,0.0
gate_02_T0750ns_sigma0p16_start00,243,1772948311.729301,0.1863577171604825,pulse,1,0.18627366763536468,1.473914675005252e-05,6.93103783677743e-05,0.0,0.0,0.8137263323646353,0.0001473914675005252,0.0001473914675005252,0.08263316065690843,20,12678799.41975392,54458508.440446265,7.5e-07,751,1e-09,0.0
gate_02_T0750ns_sigma0p16_start00,244,1772948311.7647638,0.18635771631892342,pulse,1,0.18627366679264146,1.4739147904046265e-05,6.931037837794296e-05,0.0,0.0,0.8137263332073585,0.00014739147904046265,0.00014739147904046265,0.08263316065690843,20,12678799.39880997,54458508.440446265,7.5e-07,751,1e-09,0.0
gate_02_T0750ns_sigma0p16_start00,245,1772948311.8053677,0.18635771639024787,pulse,1,0.186273666865588,1.4739146282117925e-05,6.931037837777446e-05,0.0,0.0,0.813726333134412,0.00014739146282117925,0.00014739146282117925,0.08263316065690843,20,12678799.39880997,54458508.440446265,7.5e-07,751,1e-09,0.0
gate_02_T0750ns_sigma0p16_start00,246,1772948311.8427176,0.18635771644075022,pulse,1,0.18627366691581637,1.4739146558437067e-05,6.931037837539947e-05,0.0,0.0,0.8137263330841836,0.00014739146558437067,0.00014739146558437067,0.08263316065690843,20,12678799.39880997,54458508.440446265,7.5e-07,751,1e-09,0.0
gate_02_T0750ns_sigma0p16_start00,247,1772948311.882129,0.18635771639311557,pulse,1,0.18627366686844293,1.4739146316317093e-05,6.931037835634129e-05,0.0,0.0,0.8137263331315571,0.00014739146316317093,0.00014739146316317093,0.08263316065690843,20,12678799.39880997,54458508.440446265,7.5e-07,751,1e-09,0.0
gate_02_T0750ns_sigma0p16_start00,248,1772948311.9227145,0.1863577163902921,pulse,1,0.1862736668655871,1.4739146327244894e-05,6.93103783777743e-05,0.0,0.0,0.8137263331344129,0.00014739146327244894,0.00014739146327244894,0.08263316065690843,20,12678799.39880997,54458508.440446265,7.5e-07,751,1e-09,0.0
gate_02_T0750ns_sigma0p16_start00,249,1772948311.9652681,0.18635771638775006,pulse,1,0.1862736668632332,1.4739146139016614e-05,6.931037837784078e-05,0.0,0.0,0.8137263331367668,0.00014739146139016614,0.00014739146139016614,0.08263316065690843,20,12678799.39880997,54458508.440446265,7.5e-07,751,1e-09,0.0
gate_02_T0750ns_sigma0p16_start00,250,1772948312.0010831,0.1863577163903051,pulse,1,0.18627366686559355,1.4739146329744073e-05,6.931037838180286e-05,0.0,0.0,0.8137263331344065,0.00014739146329744072,0.00014739146329744072,0.08263316065690843,20,12678799.39880997,54458508.440446265,7.5e-07,751,1e-09,0.0
gate_02_T0750ns_sigma0p16_start00,251,1772948312.0359898,0.1863577163902933,pulse,1,0.186273666865588,1.4739146327543492e-05,6.931037837777429e-05,0.0,0.0,0.813726333134412,0.0001473914632754349,0.0001473914632754349,0.08263316065690843,20,12678799.39880997,54458508.440446265,7.5e-07,751,1e-09,0.0
gate_02_T0750ns_sigma0p16_start00,252,1772948312.071136,0.18635771639106619,pulse,1,0.18627366684470092,1.4739167988564727e-05,6.931037837669988e-05,0.0,0.0,0.8137263331552991,0.00014739167988564726,0.00014739167988564726,0.08263316065690843,20,12678799.39880997,54458508.440446265,7.5e-07,751,1e-09,0.0
gate_02_T0750ns_sigma0p16_start00,253,1772948312.1122622,0.18635771638871557,pulse,1,0.1862736668655759,1.473914476438079e-05,6.931037837527993e-05,0.0,0.0,0.8137263331344241,0.0001473914476438079,0.0001473914476438079,0.08263316065690843,20,12678799.39880997,54458508.440446265,7.5e-07,751,1e-09,0.0
gate_02_T0750ns_sigma0p16_start00,254,1772948312.1497164,0.18635771639029794,pulse,1,0.18627366686558844,1.4739146331751294e-05,6.931037837777429e-05,0.0,0.0,0.8137263331344116,0.00014739146331751293,0.00014739146331751293,0.08263316065690843,20,12678799.39880997,54458508.44044625,7.5e-07,751,1e-09,0.0
gate_02_T0750ns_sigma0p16_start00,255,1772948312.1842408,0.18599557257794294,pulse,1,0.18584757061860924,7.865810353284871e-05,6.934385580085593e-05,0.0,0.0,0.8141524293813908,0.000786581035328487,0.000786581035328487,0.08263316065690843,20,12678799.39880997,54458508.440455034,7.5e-07,751,1e-09,0.0
gate_02_T0750ns_sigma0p16_start00,256,1772948312.2214901,0.18599557335036332,pulse,1,0.18584757139052976,7.865810404270984e-05,6.934385579085594e-05,0.0,0.0,0.8141524286094702,0.0007865810404270984,0.0007865810404270984,0.08263316065690843,20,12678799.41975392,54458508.440455034,7.5e-07,751,1e-09,0.0
gate_02_T0750ns_sigma0p16_start00,257,1772948312.2560391,0.18599557260299243,pulse,1,0.18584757064329827,7.865810389184081e-05,6.934385580230695e-05,0.0,0.0,0.8141524293567017,0.0007865810389184081,0.0007865810389184081,0.08263316065690843,20,12678799.39880997,54458508.440455034,7.5e-07,751,1e-09,0.0
gate_02_T0750ns_sigma0p16_start00,258,1772948312.2940836,0.18599557257793461,pulse,1,0.18584757061860657,7.865810352719762e-05,6.934385580085609e-05,0.0,0.0,0.8141524293813934,0.0007865810352719762,0.0007865810352719762,0.08263316065690843,20,12678799.39880997,54458508.440455034,7.5e-07,751,1e-09,0.0
gate_02_T0750ns_sigma0p16_start00,259,1772948312.3363214,0.18599557259931757,pulse,1,0.18584757063965407,7.865810386633311e-05,6.934385579715412e-05,0.0,0.0,0.8141524293603459,0.0007865810386633311,0.0007865810386633311,0.08263316065690843,20,12678799.39880997,54458508.440455034,7.5e-07,751,1e-09,0.0
gate_02_T0750ns_sigma0p16_start00,260,1772948312.381886,0.18599557258412236,pulse,1,0.18584757062480228,7.865810354075039e-05,6.934385577932442e-05,0.0,0.0,0.8141524293751977,0.0007865810354075038,0.0007865810354075038,0.08263316065690843,20,12678799.39880997,54458508.440455034,7.5e-07,751,1e-09,0.0
gate_02_T0750ns_sigma0p16_start00,261,1772948312.4162385,0.18599557257794297,pulse,1,0.18584757061860857,7.86581035335518e-05,6.934385580085594e-05,0.0,0.0,0.8141524293813914,0.0007865810353355179,0.0007865810353355179,0.08263316065690843,20,12678799.39880997,54458508.440455034,7.5e-07,751,1e-09,0.0
gate_02_T0750ns_sigma0p16_start00,262,1772948312.4521213,0.18599557257407645,pulse,1,0.18584757061496293,7.865810331251072e-05,6.934385580101281e-05,0.0,0.0,0.8141524293850371,0.0007865810331251071,0.0007865810331251071,0.08263316065690843,20,12678799.39880997,54458508.440455034,7.5e-07,751,1e-09,0.0
gate_02_T0750ns_sigma0p16_start00,263,1772948312.48778,0.1859955725779696,pulse,1,0.18584757061863044,7.865810353428032e-05,6.934385580488418e-05,0.0,0.0,0.8141524293813696,0.0007865810353428031,0.0007865810353428031,0.08263316065690843,20,12678799.39880997,54458508.440455034,7.5e-07,751,1e-09,0.0
gate_02_T0750ns_sigma0p16_start00,264,1772948312.522375,0.1859955725779435,pulse,1,0.18584757061860935,7.86581035332915e-05,6.934385580085594e-05,0.0,0.0,0.8141524293813907,0.0007865810353329149,0.0007865810353329149,0.08263316065690843,20,12678799.39880997,54458508.440455034,7.5e-07,751,1e-09,0.0
gate_02_T0750ns_sigma0p16_start00,265,1772948312.5590165,0.1859955725997249,pulse,1,0.18584757060583734,7.865813808741045e-05,6.93438558001639e-05,0.0,0.0,0.8141524293941627,0.0007865813808741045,0.0007865813808741045,0.08263316065690843,20,12678799.39880997,54458508.440455034,7.5e-07,751,1e-09,0.0
gate_02_T0750ns_sigma0p16_start00,266,1772948312.6027467,0.1859955725775519,pulse,1,0.18584757061859336,7.865810316010933e-05,6.93438557984274e-05,0.0,0.0,0.8141524293814066,0.0007865810316010932,0.0007865810316010932,0.08263316065690843,20,12678799.39880997,54458508.440455034,7.5e-07,751,1e-09,0.0
gate_02_T0750ns_sigma0p16_start00,267,1772948312.640237,0.18599557257794036,pulse,1,0.18584757061860913,7.865810353040038e-05,6.934385580085593e-05,0.0,0.0,0.8141524293813909,0.0007865810353040037,0.0007865810353040037,0.08263316065690843,20,12678799.39880997,54458508.44045503,7.5e-07,751,1e-09,0.0
gate_02_T0750ns_sigma0p16_start00,268,1772948312.6780536,0.18590870595331702,pulse,1,0.18581211089159688,2.7231014858933525e-05,6.936404686120888e-05,0.0,0.0,0.8141878891084031,0.0002723101485893352,0.0002723101485893352,0.08263316065690843,20,12678799.39880997,54458508.44045383,7.5e-07,751,1e-09,0.0
gate_02_T0750ns_sigma0p16_start00,269,1772948312.7144525,0.18590870672607707,pulse,1,0.18581211166393696,2.7231015288886446e-05,6.936404685120888e-05,0.0,0.0,0.814187888336063,0.00027231015288886444,0.00027231015288886444,0.08263316065690843,20,12678799.41975392,54458508.44045383,7.5e-07,751,1e-09,0.0
gate_02_T0750ns_sigma0p16_start00,270,1772948312.7533603,0.18590870596712908,pulse,1,0.18581211090399818,2.7231016268431152e-05,6.936404686247683e-05,0.0,0.0,0.8141878890960018,0.0002723101626843115,0.0002723101626843115,0.08263316065690843,20,12678799.39880997,54458508.44045383,7.5e-07,751,1e-09,0.0
gate_02_T0750ns_sigma0p16_start00,271,1772948312.7960215,0.18590870595331713,pulse,1,0.185812110891597,2.7231014858933525e-05,6.936404686120905e-05,0.0,0.0,0.814187889108403,0.0002723101485893352,0.0002723101485893352,0.08263316065690843,20,12678799.39880997,54458508.44045383,7.5e-07,751,1e-09,0.0
gate_02_T0750ns_sigma0p16_start00,272,1772948312.834348,0.1859087059662858,pulse,1,0.1858121109043136,2.7231015115174907e-05,6.936404685703887e-05,0.0,0.0,0.8141878890956864,0.00027231015115174905,0.00027231015115174905,0.08263316065690843,20,12678799.39880997,54458508.44045383,7.5e-07,751,1e-09,0.0
gate_02_T0750ns_sigma0p16_start00,273,1772948312.8733027,0.18590870595981862,pulse,1,0.18581211089814464,2.723101483439637e-05,6.936404683957583e-05,0.0,0.0,0.8141878891018554,0.0002723101483439637,0.0002723101483439637,0.08263316065690843,20,12678799.39880997,54458508.44045383,7.5e-07,751,1e-09,0.0
gate_02_T0750ns_sigma0p16_start00,274,1772948312.9091175,0.18590870595331713,pulse,1,0.185812110891597,2.7231014858933525e-05,6.936404686120889e-05,0.0,0.0,0.814187889108403,0.0002723101485893352,0.0002723101485893352,0.08263316065690843,20,12678799.39880997,54458508.44045383,7.5e-07,751,1e-09,0.0
gate_02_T0750ns_sigma0p16_start00,275,1772948312.9469504,0.18590870594892003,pulse,1,0.18581211088758887,2.7231014469743255e-05,6.936404686143183e-05,0.0,0.0,0.8141878891124111,0.00027231014469743253,0.00027231014469743253,0.08263316065690843,20,12678799.39880997,54458508.44045383,7.5e-07,751,1e-09,0.0
gate_02_T0750ns_sigma0p16_start00,276,1772948312.9808412,0.18590870595337708,pulse,1,0.1858121108916453,2.7231014866531292e-05,6.93640468652367e-05,0.0,0.0,0.8141878891083547,0.0002723101486653129,0.0002723101486653129,0.08263316065690843,20,12678799.39880997,54458508.44045383,7.5e-07,751,1e-09,0.0
gate_02_T0750ns_sigma0p16_start00,277,1772948313.0182853,0.18590870595331305,pulse,1,0.18581211089159744,2.723101485439978e-05,6.936404686120888e-05,0.0,0.0,0.8141878891084026,0.0002723101485439978,0.0002723101485439978,0.08263316065690843,20,12678799.39880997,54458508.44045383,7.5e-07,751,1e-09,0.0
gate_02_T0750ns_sigma0p16_start00,278,1772948313.0542252,0.18590870595694273,pulse,1,0.18581211087215088,2.7231037931639662e-05,6.936404686020018e-05,0.0,0.0,0.8141878891278491,0.0002723103793163966,0.0002723103793163966,0.08263316065690843,20,12678799.39880997,54458508.44045383,7.5e-07,751,1e-09,0.0
gate_02_T0750ns_sigma0p16_start00,279,1772948313.0942838,0.1859087059518809,pulse,1,0.18581211089156635,2.7231013455739233e-05,6.936404685879154e-05,0.0,0.0,0.8141878891084336,0.0002723101345573923,0.0002723101345573923,0.08263316065690843,20,12678799.39880997,54458508.44045383,7.5e-07,751,1e-09,0.0
gate_02_T0750ns_sigma0p16_start00,280,1772948313.1333964,0.18590870595331443,pulse,1,0.18581211089159544,2.7231014857786876e-05,6.936404686120888e-05,0.0,0.0,0.8141878891084046,0.00027231014857786876,0.00027231014857786876,0.08263316065690843,20,12678799.39880997,54458508.44045382,7.5e-07,751,1e-09,0.0
gate_02_T0750ns_sigma0p16_start00,281,1772948313.172362,0.18587841569693314,pulse,1,0.18578791098778114,2.109652594482744e-05,6.940818320718519e-05,0.0,0.0,0.8142120890122189,0.00021096525944827438,0.00021096525944827438,0.08263316065690843,20,12678799.39880997,54458508.440449044,7.5e-07,751,1e-09,0.0
gate_02_T0750ns_sigma0p16_start00,282,1772948313.2085443,0.18587841646708,pulse,1,0.1857879117607092,2.1096523173639027e-05,6.940818319718519e-05,0.0,0.0,0.8142120882392908,0.00021096523173639025,0.00021096523173639025,0.08263316065690843,20,12678799.41975392,54458508.440449044,7.5e-07,751,1e-09,0.0
gate_02_T0750ns_sigma0p16_start00,283,1772948313.2448106,0.18587841569797048,pulse,1,0.18578791098672365,2.1096528038577357e-05,6.940818320825046e-05,0.0,0.0,0.8142120890132764,0.00021096528038577357,0.00021096528038577357,0.08263316065690843,20,12678799.39880997,54458508.440449044,7.5e-07,751,1e-09,0.0
gate_02_T0750ns_sigma0p16_start00,284,1772948313.2793155,0.18587841569501756,pulse,1,0.18578791098781,2.1096524000358643e-05,6.940818320718537e-05,0.0,0.0,0.81421208901219,0.00021096524000358642,0.00021096524000358642,0.08263316065690843,20,12678799.39880997,54458508.440449044,7.5e-07,751,1e-09,0.0
gate_02_T0750ns_sigma0p16_start00,285,1772948313.323109,0.18587841569853955,pulse,1,0.185787910988521,2.109652681622693e-05,6.940818320232587e-05,0.0,0.0,0.814212089011479,0.0002109652681622693,0.0002109652681622693,0.08263316065690843,20,12678799.39880997,54458508.440449044,7.5e-07,751,1e-09,0.0
gate_02_T0750ns_sigma0p16_start00,286,1772948313.3589542,0.18587841570376415,pulse,1,0.1857879109946291,2.1096525949746092e-05,6.940818318528203e-05,0.0,0.0,0.8142120890053709,0.0002109652594974609,0.0002109652594974609,0.08263316065690843,20,12678799.39880997,54458508.440449044,7.5e-07,751,1e-09,0.0
gate_02_T0750ns_sigma0p16_start00,287,1772948313.5045898,0.18587841569669103,pulse,1,0.1857879109877798,2.1096525704022593e-05,6.94081832071852e-05,0.0,0.0,0.8142120890122202,0.00021096525704022593,0.00021096525704022593,0.08263316065690843,20,12678799.39880997,54458508.440449044,7.5e-07,751,1e-09,0.0
gate_02_T0750ns_sigma0p16_start00,288,1772948313.540777,0.18587841569182695,pulse,1,0.18578791098566683,2.109652295255139e-05,6.940818320759293e-05,0.0,0.0,0.8142120890143332,0.00021096522952551388,0.00021096522952551388,0.08263316065690843,20,12678799.39880997,54458508.440449044,7.5e-07,751,1e-09,0.0
gate_02_T0750ns_sigma0p16_start00,289,1772948313.5767093,0.185878415697225,pulse,1,0.18578791098791136,2.1096526102402497e-05,6.94081832112105e-05,0.0,0.0,0.8142120890120886,0.00021096526102402496,0.00021096526102402496,0.08263316065690843,20,12678799.39880997,54458508.440449044,7.5e-07,751,1e-09,0.0
gate_02_T0750ns_sigma0p16_start00,290,1772948313.6139653,0.18587841569698038,pulse,1,0.18578791098778147,2.1096525991728416e-05,6.940818320718519e-05,0.0,0.0,0.8142120890122185,0.00021096525991728414,0.00021096525991728414,0.08263316065690843,20,12678799.39880997,54458508.440449044,7.5e-07,751,1e-09,0.0
gate_02_T0750ns_sigma0p16_start00,291,1772948313.6502342,0.1858784156552756,pulse,1,0.18578791096515324,2.1096506916330136e-05,6.940818320601709e-05,0.0,0.0,0.8142120890348468,0.00021096506916330133,0.00021096506916330133,0.08263316065690843,20,12678799.39880997,54458508.440449044,7.5e-07,751,1e-09,0.0
gate_02_T0750ns_sigma0p16_start00,292,1772948313.6863356,0.1858784156949802,pulse,1,0.18578791098771874,2.1096524056625653e-05,6.940818320483075e-05,0.0,0.0,0.8142120890122813,0.00021096524056625653,0.00021096524056625653,0.08263316065690843,20,12678799.39880997,54458508.440449044,7.5e-07,751,1e-09,0.0
gate_02_T0750ns_sigma0p16_start00,293,1772948313.723357,0.18587841569704458,pulse,1,0.18578791098778058,2.109652605680593e-05,6.940818320718519e-05,0.0,0.0,0.8142120890122194,0.0002109652605680593,0.0002109652605680593,0.08263316065690843,20,12678799.39880997,54458508.44044904,7.5e-07,751,1e-09,0.0
gate_02_T0750ns_sigma0p16_start00,294,1772948313.7594056,0.18587841569693314,pulse,1,0.18578791098778114,2.109652594482744e-05,6.940818320718519e-05,0.0,0.0,0.8142120890122189,0.00021096525944827438,0.00021096525944827438,0.08263316065690843,20,12678799.39880997,54458508.440449044,7.5e-07,751,1e-09,0.0
